-- phpMyAdmin SQL Dump
-- version 5.0.4
-- https://www.phpmyadmin.net/
--
-- Host: 127.0.0.1
-- Generation Time: Feb 04, 2021 at 09:59 PM
-- Server version: 10.4.17-MariaDB
-- PHP Version: 8.0.1

SET SQL_MODE = "NO_AUTO_VALUE_ON_ZERO";
START TRANSACTION;
SET time_zone = "+00:00";


/*!40101 SET @OLD_CHARACTER_SET_CLIENT=@@CHARACTER_SET_CLIENT */;
/*!40101 SET @OLD_CHARACTER_SET_RESULTS=@@CHARACTER_SET_RESULTS */;
/*!40101 SET @OLD_COLLATION_CONNECTION=@@COLLATION_CONNECTION */;
/*!40101 SET NAMES utf8mb4 */;

--
-- Database: `db_grandt`
--

-- --------------------------------------------------------

--
-- Table structure for table `player`
--

CREATE TABLE `player` (
  `id_player` int(10) NOT NULL,
  `name` varchar(100) NOT NULL,
  `club` varchar(100) NOT NULL,
  `position` varchar(100) NOT NULL,
  `value` int(100) NOT NULL
) ENGINE=InnoDB DEFAULT CHARSET=utf8mb4;

--
-- Dumping data for table `player`
--

INSERT INTO `player` (`id_player`, `name`, `club`, `position`, `value`) VALUES
(2, 'Assmann, Fabián', 'Aldosivi', 'ARQ', 2500000),
(3, 'Ingolotti, Luis', 'Aldosivi', 'ARQ', 300000),
(4, 'Pocrnjic, Luciano', 'Aldosivi', 'ARQ', 3600000),
(5, 'Carli, Joel', 'Aldosivi', 'DEF', 2800000),
(6, 'Iñiguez, Emanuel', 'Aldosivi', 'DEF', 1200000),
(7, 'López Quintana, Mario', 'Aldosivi', 'DEF', 1900000),
(8, 'Miers, Marcos', 'Aldosivi', 'DEF', 3000000),
(9, 'Milo, Federico', 'Aldosivi', 'DEF', 2600000),
(10, 'Román Villalba, Fernando', 'Aldosivi', 'DEF', 1500000),
(11, 'Schunke, Jonathan', 'Aldosivi', 'DEF', 4100000),
(12, 'Villalba, Lucas', 'Aldosivi', 'DEF', 3300000),
(13, 'Becker, Pablo', 'Aldosivi', 'VOL', 1600000),
(14, 'Gil Romero, Gastón', 'Aldosivi', 'VOL', 2500000),
(15, 'Grahl, Francisco', 'Aldosivi', 'VOL', 2900000),
(16, 'Indacoechea, Joaquín', 'Aldosivi', 'VOL', 300000),
(17, 'Iritier, Javier', 'Aldosivi', 'VOL', 2600000),
(18, 'Maciel, Leandro', 'Aldosivi', 'VOL', 2400000),
(19, 'Panaro, Manuel', 'Aldosivi', 'VOL', 300000),
(20, 'Perinciolo, Franco', 'Aldosivi', 'VOL', 900000),
(21, 'Rodríguez, Felipe', 'Aldosivi', 'VOL', 1900000),
(22, 'Villarreal, Matías', 'Aldosivi', 'VOL', 1000000),
(23, 'Yeri, Nahuel', 'Aldosivi', 'VOL', 2700000),
(24, 'Zacaría, Jonathan', 'Aldosivi', 'VOL', 1300000),
(25, 'Zárate, Jonathan', 'Aldosivi', 'VOL', 300000),
(26, 'Andrada, Federico', 'Aldosivi', 'DEL', 2500000),
(27, 'Braida, Malcom', 'Aldosivi', 'DEL', 1000000),
(28, 'Contreras, Rodrigo', 'Aldosivi', 'DEL', 2100000),
(29, 'Di Yorio, Lucas', 'Aldosivi', 'DEL', 1900000),
(30, 'Pérez, Franco', 'Aldosivi', 'DEL', 400000),
(31, 'Ramírez, Uriel', 'Aldosivi', 'DEL', 300000),
(32, 'Rinaldi, Lautaro', 'Aldosivi', 'DEL', 1200000),
(33, 'Tobares, Facundo', 'Aldosivi', 'DEL', 300000),
(34, 'Chaves, Lucas', 'Argentinos ', 'ARQ', 3400000),
(35, 'Finochietto, Leandro', 'Argentinos ', 'ARQ', 300000),
(36, 'Forastiero, Nicolás', 'Argentinos ', 'ARQ', 300000),
(37, 'Aleo, Agustín', 'Argentinos ', 'DEF', 300000),
(38, 'Caruzzo, Matías', 'Argentinos ', 'DEF', 4100000),
(39, 'Centurión, Maximiliano', 'Argentinos ', 'DEF', 300000),
(40, 'Gómez, Elías', 'Argentinos ', 'DEF', 2700000),
(41, 'Mac Allister, Kevin', 'Argentinos ', 'DEF', 2300000),
(42, 'Quintana, Carlos', 'Argentinos ', 'DEF', 3900000),
(43, 'Sandoval, Jonathan', 'Argentinos ', 'DEF', 3000000),
(44, 'Torrén, Miguel Ángel', 'Argentinos ', 'DEF', 3700000),
(45, 'Andrade, Tomás', 'Argentinos ', 'VOL', 2500000),
(46, 'Colman, Iván', 'Argentinos ', 'VOL', 3000000),
(47, 'Di Césare, Marco', 'Argentinos ', 'VOL', 300000),
(48, 'Florentín, Gabriel', 'Argentinos ', 'VOL', 500000),
(49, 'Ibarra, Franco', 'Argentinos ', 'VOL', 300000),
(50, 'Mater, Facundo', 'Argentinos ', 'VOL', 900000),
(51, 'Miljevic, Matko', 'Argentinos ', 'VOL', 300000),
(52, 'Montero, Fausto', 'Argentinos ', 'VOL', 2900000),
(53, 'Moyano, Franco', 'Argentinos ', 'VOL', 1800000),
(54, 'Romero, Matías', 'Argentinos ', 'VOL', 1200000),
(55, 'Sosa, Diego', 'Argentinos ', 'VOL', 2200000),
(56, 'Vera, Fausto', 'Argentinos ', 'VOL', 700000),
(57, 'Ambrogio, Lucas', 'Argentinos ', 'DEL', 400000),
(58, 'Batallini, Damián', 'Argentinos ', 'DEL', 4000000),
(59, 'Coronel, Mateo', 'Argentinos ', 'DEL', 300000),
(60, 'Godoy, Matías', 'Argentinos ', 'DEL', 900000),
(61, 'Hauche, Gabriel', 'Argentinos ', 'DEL', 4500000),
(62, 'López, Edwar', 'Argentinos ', 'DEL', 2500000),
(63, 'Pucheta, Juan Román', 'Argentinos ', 'DEL', 300000),
(64, 'Saggiomo, Daniel', 'Argentinos ', 'DEL', 1100000),
(65, 'Silva, Nicolás', 'Argentinos ', 'DEL', 2900000),
(66, 'Silva, Santiago', 'Argentinos ', 'DEL', 5100000),
(67, 'Ávalos, Gabriel', 'Argentinos ', 'DEL', 2800000),
(68, 'Barbera, Darío', 'Arsenal', 'ARQ', 300000),
(69, 'Gagliardo, Maximiliano', 'Arsenal', 'ARQ', 1000000),
(70, 'Rivero, Alejandro', 'Arsenal', 'ARQ', 300000),
(71, 'Abreliano, Ulises', 'Arsenal', 'DEF', 900000),
(72, 'Gariglio, Ignacio', 'Arsenal', 'DEF', 300000),
(73, 'Marchi, Leonardo', 'Arsenal', 'DEF', 900000),
(74, 'Navas, Julián', 'Arsenal', 'DEF', 400000),
(75, 'Papa, Emiliano', 'Arsenal', 'DEF', 2900000),
(76, 'Pereyra, Fabio', 'Arsenal', 'DEF', 2000000),
(77, 'Suso, Gastón', 'Arsenal', 'DEF', 1100000),
(78, 'Antilef, Alejo', 'Arsenal', 'VOL', 800000),
(79, 'Balbuena, Ramiro', 'Arsenal', 'VOL', 300000),
(80, 'Carabajal, Mateo', 'Arsenal', 'VOL', 600000),
(81, 'Castro, Nicolás E.', 'Arsenal', 'VOL', 900000),
(82, 'Kruspzky, Facundo', 'Arsenal', 'VOL', 1200000),
(83, 'Luna, Ramiro', 'Arsenal', 'VOL', 1700000),
(84, 'Méndez, Emiliano', 'Arsenal', 'VOL', 1000000),
(85, 'Necul, Lucas', 'Arsenal', 'VOL', 1100000),
(86, 'Picco, Leonel', 'Arsenal', 'VOL', 300000),
(87, 'Ramírez, Rodrigo', 'Arsenal', 'VOL', 500000),
(88, 'Ruiz, Alan', 'Arsenal', 'VOL', 3500000),
(89, 'Soraire, Jesús', 'Arsenal', 'VOL', 800000),
(90, 'Albertengo, Lucas', 'Arsenal', 'DEL', 3400000),
(91, 'Belloso, Matías', 'Arsenal', 'DEL', 300000),
(92, 'Báez, Bruno', 'Arsenal', 'DEL', 300000),
(93, 'Candia, Jhonatan', 'Arsenal', 'DEL', 1000000),
(94, 'Miracco, Nicolás', 'Arsenal', 'DEL', 2300000),
(95, 'Pons, Facundo', 'Arsenal', 'DEL', 400000),
(96, 'Lucchetti, Cristian', 'Atl. Tuicumán', 'ARQ', 4400000),
(97, 'Marchiori, Tomás', 'Atl. Tuicumán', 'ARQ', 1800000),
(98, 'Pizzicannella, Franco', 'Atl. Tuicumán', 'ARQ', 300000),
(99, 'Cabral, Jonathan', 'Atl. Tuicumán', 'DEF', 3500000),
(100, 'Lagos, Agustín', 'Atl. Tuicumán', 'DEF', 300000),
(101, 'Monzón, Fabián', 'Atl. Tuicumán', 'DEF', 3900000),
(102, 'Ortiz, Guillermo', 'Atl. Tuicumán', 'DEF', 3600000),
(103, 'Ortiz, Marcelo', 'Atl. Tuicumán', 'DEF', 1900000),
(104, 'Osores, Mauro', 'Atl. Tuicumán', 'DEF', 800000),
(105, 'Risso Patrón, Gabriel', 'Atl. Tuicumán', 'DEF', 1800000),
(106, 'Toledo, Gustavo', 'Atl. Tuicumán', 'DEF', 3600000),
(107, 'Acosta, Guillermo', 'Atl. Tuicumán', 'VOL', 4200000),
(108, 'Aguirre, Nicolás', 'Atl. Tuicumán', 'VOL', 3000000),
(109, 'Albornoz, Camilo', 'Atl. Tuicumán', 'VOL', 300000),
(110, 'Bustos, Abel', 'Atl. Tuicumán', 'VOL', 300000),
(111, 'Carrera, Ramiro', 'Atl. Tuicumán', 'VOL', 2700000),
(112, 'Erbes, Cristian', 'Atl. Tuicumán', 'VOL', 3900000),
(113, 'Heredia, Leonardo', 'Atl. Tuicumán', 'VOL', 2900000),
(114, 'Laméndola, Nicolás', 'Atl. Tuicumán', 'VOL', 300000),
(115, 'Mussis, Franco', 'Atl. Tuicumán', 'VOL', 3800000),
(116, 'Nickler, Kevin', 'Atl. Tuicumán', 'VOL', 300000),
(117, 'Rosales, Hernán', 'Atl. Tuicumán', 'VOL', 300000),
(118, 'Alustiza, Matías', 'Atl. Tuicumán', 'DEL', 1800000),
(119, 'Isa Luna, Kevin', 'Atl. Tuicumán', 'DEL', 300000),
(120, 'Lotti, Augusto', 'Atl. Tuicumán', 'DEL', 2600000),
(121, 'Melano, Lucas', 'Atl. Tuicumán', 'DEL', 4100000),
(122, 'Romero, Jonás', 'Atl. Tuicumán', 'DEL', 900000),
(123, 'Ruiz Rodríguez, Ramiro', 'Atl. Tuicumán', 'DEL', 300000),
(124, 'Solohaga, Matías', 'Atl. Tuicumán', 'DEL', 300000),
(125, 'Toledo, Javier', 'Atl. Tuicumán', 'DEL', 4000000),
(126, 'Altamirano, Facundo', 'Banfield', 'ARQ', 900000),
(127, 'Arboleda, Iván Mauricio', 'Banfield', 'ARQ', 3200000),
(128, 'Sanguinetti, Facundo', 'Banfield', 'ARQ', 300000),
(129, 'Arciero, Rodrigo', 'Banfield', 'DEF', 2400000),
(130, 'Bravo, Claudio', 'Banfield', 'DEF', 1800000),
(131, 'Coronel, Emanuel', 'Banfield', 'DEF', 900000),
(132, 'Gómez, Luciano', 'Banfield', 'DEF', 2400000),
(133, 'Lollo, Luciano', 'Banfield', 'DEF', 3800000),
(134, 'Maldonado, Alexis', 'Banfield', 'DEF', 2400000),
(135, 'Quinteros, Franco', 'Banfield', 'DEF', 300000),
(136, 'Rodríguez, Jorge', 'Banfield', 'DEF', 3200000),
(137, 'Sosa, Alexis', 'Banfield', 'DEF', 400000),
(138, 'Bertolo, Nicolás', 'Banfield', 'VOL', 4700000),
(139, 'Cabrera, Alejandro', 'Banfield', 'VOL', 700000),
(140, 'Dátolo, Jesús', 'Banfield', 'VOL', 4500000),
(141, 'Galoppo, Giuliano', 'Banfield', 'VOL', 700000),
(142, 'González, Matías N.', 'Banfield', 'VOL', 300000),
(143, 'Gutiérrez, Jonás', 'Banfield', 'VOL', 3500000),
(144, 'Linares, Nicolás', 'Banfield', 'VOL', 2700000),
(145, 'Payero, Martín', 'Banfield', 'VOL', 2200000),
(146, 'Álvarez, Juan', 'Banfield', 'VOL', 2800000),
(147, 'Asenjo, Mauricio', 'Banfield', 'DEL', 2000000),
(148, 'Bordagaray, Fabián', 'Banfield', 'DEL', 2900000),
(149, 'Cuero, Mauricio', 'Banfield', 'DEL', 3900000),
(150, 'Fontana, Agustín', 'Banfield', 'DEL', 2800000),
(151, 'Pons, Luciano', 'Banfield', 'DEL', 800000),
(152, 'Urzi, Agustín', 'Banfield', 'DEL', 2100000),
(153, 'Andrada, Esteban', 'Boca', 'ARQ', 7300000),
(154, 'García, Javier', 'Boca', 'ARQ', 3500000),
(155, 'Roffo, Manuel', 'Boca', 'ARQ', 900000),
(156, 'Rossi, Agustín', 'Boca', 'ARQ', 3700000),
(157, 'Buffarini, Julio', 'Boca', 'DEF', 4900000),
(158, 'Fabra, Frank', 'Boca', 'DEF', 4300000),
(159, 'Giampaoli, Renzo', 'Boca', 'DEF', 300000),
(160, 'Izquierdoz, Carlos', 'Boca', 'DEF', 4300000),
(161, 'Jara, Leonardo', 'Boca', 'DEF', 3000000),
(162, 'López, Lisandro E.', 'Boca', 'DEF', 4700000),
(163, 'Mas, Emmanuel', 'Boca', 'DEF', 3500000),
(164, 'Zambrano, Carlos', 'Boca', 'DEF', 4600000),
(165, 'Ávila, Gastón', 'Boca', 'DEF', 500000),
(166, 'Campuzano, Jorman', 'Boca', 'VOL', 3900000),
(167, 'Capaldo, Nicolás', 'Boca', 'VOL', 1700000),
(168, 'Cardona, Edwin', 'Boca', 'VOL', 5200000),
(169, 'Fernández, Guillermo', 'Boca', 'VOL', 5000000),
(170, 'González, Diego', 'Boca', 'VOL', 4200000),
(171, 'Maroni, Gonzalo', 'Boca', 'VOL', 3500000),
(172, 'Medina, Cristian', 'Boca', 'VOL', 300000),
(173, 'Molinas, Aarón', 'Boca', 'VOL', 300000),
(174, 'Roldán, Enzo', 'Boca', 'VOL', 300000),
(175, 'Salvio, Eduardo', 'Boca', 'VOL', 9000000),
(176, 'Varela, Alan Gonzalo', 'Boca', 'VOL', 300000),
(177, 'Gerzel, Gastón', 'Boca', 'DEL', 300000),
(178, 'Obando, Agustín', 'Boca', 'DEL', 900000),
(179, 'Soldano, Franco', 'Boca', 'DEL', 4000000),
(180, 'Tevez, Carlos', 'Boca', 'DEL', 7400000),
(181, 'Villa, Sebastián', 'Boca', 'DEL', 3900000),
(182, 'Vázquez, Luis', 'Boca', 'DEL', 300000),
(183, 'Zeballos, Exequiel', 'Boca', 'DEL', 300000),
(184, 'Zárate, Mauro', 'Boca', 'DEL', 5700000),
(185, 'Ábila, Ramón', 'Boca', 'DEL', 5900000),
(186, 'Caffaratti, Leonel', 'Central Córdoba', 'ARQ', 1900000),
(187, 'Sánchez, Alejandro', 'Central Córdoba', 'ARQ', 3100000),
(188, 'Taborda, César', 'Central Córdoba', 'ARQ', 2900000),
(189, 'Andueza, Federico', 'Central Córdoba', 'DEF', 1400000),
(190, 'Banegas, Nahuel', 'Central Córdoba', 'DEF', 700000),
(191, 'Bay, Jonathan', 'Central Córdoba', 'DEF', 3100000),
(192, 'Díaz, Cristian', 'Central Córdoba', 'DEF', 3000000),
(193, 'Maciel, Alejandro', 'Central Córdoba', 'DEF', 600000),
(194, 'Quílez, Ismael', 'Central Córdoba', 'DEF', 2800000),
(195, 'Salomón, Oscar', 'Central Córdoba', 'DEF', 400000),
(196, 'Sbuttoni, Franco', 'Central Córdoba', 'DEF', 2800000),
(197, 'Vera Oviedo, Hugo', 'Central Córdoba', 'DEF', 1300000),
(198, 'Cerro, Francisco', 'Central Córdoba', 'VOL', 3500000),
(199, 'Cuevas, Emanuel', 'Central Córdoba', 'VOL', 1300000),
(200, 'Fernández, José Luis', 'Central Córdoba', 'VOL', 3500000),
(201, 'Galeano, Juan', 'Central Córdoba', 'VOL', 2300000),
(202, 'Montenegro, Mateo', 'Central Córdoba', 'VOL', 400000),
(203, 'Ramírez, Iván', 'Central Córdoba', 'VOL', 2700000),
(204, 'Rojas, Ariel', 'Central Córdoba', 'VOL', 3300000),
(205, 'Vega, Cristian', 'Central Córdoba', 'VOL', 1900000),
(206, 'Argañaraz, Abel', 'Central Córdoba', 'DEL', 300000),
(207, 'Barrios, Nahuel', 'Central Córdoba', 'DEL', 2700000),
(208, 'Brochero, Lucas', 'Central Córdoba', 'DEL', 900000),
(209, 'Palacios Alvarenga, Pablo', 'Central Córdoba', 'DEL', 1700000),
(210, 'Pato, Matías', 'Central Córdoba', 'DEL', 1200000),
(211, 'Pereira, Jhon', 'Central Córdoba', 'DEL', 1800000),
(212, 'Riaño, Claudio', 'Central Córdoba', 'DEL', 3000000),
(213, 'Ribas, Sebastián', 'Central Córdoba', 'DEL', 4700000),
(214, 'Rosales, Santiago', 'Central Córdoba', 'DEL', 2500000),
(215, 'Vella, Leandro', 'Central Córdoba', 'DEL', 900000),
(216, 'Vieyra, Juan Ignacio', 'Central Córdoba', 'DEL', 1900000),
(217, 'Burián, Leonardo', 'Colón', 'ARQ', 4500000),
(218, 'Chicco, Ignacio', 'Colón', 'ARQ', 800000),
(219, 'Hass, Fabricio', 'Colón', 'ARQ', 300000),
(220, 'Bianchi, Bruno', 'Colón', 'DEF', 3600000),
(221, 'Delgado, Rafael', 'Colón', 'DEF', 3900000),
(222, 'Escobar, Gonzalo', 'Colón', 'DEF', 2800000),
(223, 'Garcés, Facundo', 'Colón', 'DEF', 300000),
(224, 'Meza, Eric', 'Colón', 'DEF', 300000),
(225, 'Nardelli, Gian', 'Colón', 'DEF', 300000),
(226, 'Olivera, Emmanuel', 'Colón', 'DEF', 2800000),
(227, 'Piovi, Gonzalo', 'Colón', 'DEF', 2900000),
(228, 'Vigo, Alex', 'Colón', 'DEF', 300000),
(229, 'Aliendro, Rodrigo', 'Colón', 'VOL', 3900000),
(230, 'Bernardi, Christian', 'Colón', 'VOL', 3200000),
(231, 'Chancalay, Tomás', 'Colón', 'VOL', 2800000),
(232, 'Farioli, Brian', 'Colón', 'VOL', 300000),
(233, 'Farías, Facundo', 'Colón', 'VOL', 300000),
(234, 'Gozalvez, Guillermo', 'Colón', 'VOL', 300000),
(235, 'Góez, Yeiler', 'Colón', 'VOL', 1500000),
(236, 'Lértora, Federico', 'Colón', 'VOL', 3400000),
(237, 'Moreyra, Stefano', 'Colón', 'VOL', 300000),
(238, 'Pierotti, Santiago', 'Colón', 'VOL', 300000),
(239, 'Fernández, Brian', 'Colón', 'DEL', 4200000),
(240, 'Morelo, Wilson', 'Colón', 'DEL', 3600000),
(241, 'Rodríguez, Luis', 'Colón', 'DEL', 6000000),
(242, 'Sandoval, Tomás', 'Colón', 'DEL', 2700000),
(243, 'Viatri, Lucas', 'Colón', 'DEL', 3300000),
(244, 'Amade, Lautaro', 'Def. y Justicia', 'ARQ', 300000),
(245, 'Ledesma, Marcos', 'Def. y Justicia', 'ARQ', 1000000),
(246, 'Unsain, Ezequiel', 'Def. y Justicia', 'ARQ', 4200000),
(247, 'Benítez, Marcelo', 'Def. y Justicia', 'DEF', 4200000),
(248, 'Breitenbruch, Néstor', 'Def. y Justicia', 'DEF', 1900000),
(249, 'Brítez, Emanuel', 'Def. y Justicia', 'DEF', 3400000),
(250, 'Duarte, Mauricio', 'Def. y Justicia', 'DEF', 900000),
(251, 'Frías, Adonis', 'Def. y Justicia', 'DEF', 600000),
(252, 'Gallardo, Nahuel', 'Def. y Justicia', 'DEF', 1800000),
(253, 'Martínez, David', 'Def. y Justicia', 'DEF', 2300000),
(254, 'Paredes, Franco', 'Def. y Justicia', 'DEF', 1200000),
(255, 'Ramírez, Pedro', 'Def. y Justicia', 'DEF', 300000),
(256, 'Rodríguez, Juan Gabriel', 'Def. y Justicia', 'DEF', 2200000),
(257, 'Sienra, Agustín', 'Def. y Justicia', 'DEF', 300000),
(258, 'Acevedo, Nelson', 'Def. y Justicia', 'VOL', 3700000),
(259, 'Camacho, Washington', 'Def. y Justicia', 'VOL', 3500000),
(260, 'Coacci, Enzo', 'Def. y Justicia', 'VOL', 1000000),
(261, 'Echevarría, Facundo', 'Def. y Justicia', 'VOL', 300000),
(262, 'Escalante, Tomás', 'Def. y Justicia', 'VOL', 300000),
(263, 'Farías, Jonathan', 'Def. y Justicia', 'VOL', 300000),
(264, 'Fernández, Enzo', 'Def. y Justicia', 'VOL', 900000),
(265, 'González, Nicolás', 'Def. y Justicia', 'VOL', 300000),
(266, 'Herrera, Rodrigo', 'Def. y Justicia', 'VOL', 300000),
(267, 'Isnaldo, Eugenio', 'Def. y Justicia', 'VOL', 1700000),
(268, 'Larralde, Valentín', 'Def. y Justicia', 'VOL', 300000),
(269, 'Loaiza, Raúl', 'Def. y Justicia', 'VOL', 4000000),
(270, 'Ortiz, Tomás', 'Def. y Justicia', 'VOL', 300000),
(271, 'Bou, Walter', 'Def. y Justicia', 'DEL', 2500000),
(272, 'Hachen, Gabriel', 'Def. y Justicia', 'DEL', 3100000),
(273, 'Leguizamón, Nicolás', 'Def. y Justicia', 'DEL', 3200000),
(274, 'Luayza, Maximiliano', 'Def. y Justicia', 'DEL', 300000),
(275, 'Merentiel, Miguel', 'Def. y Justicia', 'DEL', 2800000),
(276, 'Miritello, Juan Bautista', 'Def. y Justicia', 'DEL', 1500000),
(277, 'Pizzini, Francisco', 'Def. y Justicia', 'DEL', 2600000),
(278, 'Rius, Ciro', 'Def. y Justicia', 'DEL', 4200000),
(279, 'Romero, Braian', 'Def. y Justicia', 'DEL', 3500000),
(280, 'Villagra, Juan Cruz', 'Def. y Justicia', 'DEL', 300000),
(281, 'Andújar, Mariano', 'Estudiantes', 'ARQ', 5400000),
(282, 'González, Emiliano', 'Estudiantes', 'ARQ', 1000000),
(283, 'Pourtau, Jerónimo', 'Estudiantes', 'ARQ', 300000),
(284, 'Bazzana, Nicolás', 'Estudiantes', 'DEF', 500000),
(285, 'Benedetti, Gastón', 'Estudiantes', 'DEF', 300000),
(286, 'Colombo, Nazareno', 'Estudiantes', 'DEF', 1200000),
(287, 'Erquiaga, Iván', 'Estudiantes', 'DEF', 1700000),
(288, 'Fuentes, Juan', 'Estudiantes', 'DEF', 1800000),
(289, 'Godoy, Leonardo', 'Estudiantes', 'DEF', 4500000),
(290, 'Guzmán, Mauricio', 'Estudiantes', 'DEF', 300000),
(291, 'Mura, Facundo', 'Estudiantes', 'DEF', 1400000),
(292, 'Ortiz, Rolando', 'Estudiantes', 'DEF', 800000),
(293, 'Pasquini, Nicolás', 'Estudiantes', 'DEF', 3900000),
(294, 'Squadrone, Luciano', 'Estudiantes', 'DEF', 300000),
(295, 'Tobio, Fernando', 'Estudiantes', 'DEF', 4200000),
(296, 'Ayala, Andrés', 'Estudiantes', 'VOL', 300000),
(297, 'Ayala, David', 'Estudiantes', 'VOL', 300000),
(298, 'Díaz, Mauro', 'Estudiantes', 'VOL', 3500000),
(299, 'García, Diego', 'Estudiantes', 'VOL', 1800000),
(300, 'González, Ángel', 'Estudiantes', 'VOL', 4500000),
(301, 'Gómez, Iván', 'Estudiantes', 'VOL', 2700000),
(302, 'Kalinski, Enzo', 'Estudiantes', 'VOL', 3800000),
(303, 'Kociubinski, Bautista', 'Estudiantes', 'VOL', 300000),
(304, 'Mascherano, Javier', 'Estudiantes', 'VOL', 4500000),
(305, 'Obregón, Esteban', 'Estudiantes', 'VOL', 300000),
(306, 'Rodríguez, Lucas A.', 'Estudiantes', 'VOL', 4100000),
(307, 'Romero, Franco', 'Estudiantes', 'VOL', 300000),
(308, 'Sarmiento, Darío', 'Estudiantes', 'VOL', 300000),
(309, 'Sivetti, Franco', 'Estudiantes', 'VOL', 800000),
(310, 'Cauteruccio, Martín', 'Estudiantes', 'DEL', 4800000),
(311, 'Di Pizio, Gaspar', 'Estudiantes', 'DEL', 300000),
(312, 'Díaz, Leandro', 'Estudiantes', 'DEL', 4700000),
(313, 'González, Federico', 'Estudiantes', 'DEL', 4300000),
(314, 'Lattanzio, Carlo', 'Estudiantes', 'DEL', 900000),
(315, 'Broun, Jorge', 'Gimnasia', 'ARQ', 2800000),
(316, 'Durso, Tomás', 'Gimnasia', 'ARQ', 800000),
(317, 'Insfrán, Nelson', 'Gimnasia', 'ARQ', 900000),
(318, 'Coronel, Maximiliano', 'Gimnasia', 'DEF', 3500000),
(319, 'Fernández, Tomás', 'Gimnasia', 'DEF', 300000),
(320, 'Goltz, Paolo', 'Gimnasia', 'DEF', 4200000),
(321, 'Guiffrey, Germán', 'Gimnasia', 'DEF', 800000),
(322, 'Licht, Lucas', 'Gimnasia', 'DEF', 3700000),
(323, 'Melluso, Matías', 'Gimnasia', 'DEF', 1600000),
(324, 'Morales, Leonardo', 'Gimnasia', 'DEF', 1000000),
(325, 'Palazzo, Bruno', 'Gimnasia', 'DEF', 300000),
(326, 'Weigandt, Marcelo', 'Gimnasia', 'DEF', 1000000),
(327, 'Alemán, Brahian', 'Gimnasia', 'VOL', 3400000),
(328, 'Ayala, Víctor', 'Gimnasia', 'VOL', 4100000),
(329, 'Chávez, Lautaro', 'Gimnasia', 'VOL', 1200000),
(330, 'García, Ariel Matías', 'Gimnasia', 'VOL', 3700000),
(331, 'Mancilla, Harrinson', 'Gimnasia', 'VOL', 2200000),
(332, 'Miramón, Ignacio', 'Gimnasia', 'VOL', 300000),
(333, 'Miranda, Matías', 'Gimnasia', 'VOL', 300000),
(334, 'Monti, Patricio', 'Gimnasia', 'VOL', 400000),
(335, 'Paradela, José', 'Gimnasia', 'VOL', 1500000),
(336, 'Pérez García, Matías', 'Gimnasia', 'VOL', 3200000),
(337, 'Ramírez, Eric', 'Gimnasia', 'VOL', 900000),
(338, 'Barrios, Lucas', 'Gimnasia', 'DEL', 3300000),
(339, 'Carbonero, Johan', 'Gimnasia', 'DEL', 1200000),
(340, 'Cocimano, Sebastián', 'Gimnasia', 'DEL', 300000),
(341, 'Comba, Maximiliano', 'Gimnasia', 'DEL', 2600000),
(342, 'Contín, Nicolás', 'Gimnasia', 'DEL', 1200000),
(343, 'Gómez, Matías', 'Gimnasia', 'DEL', 1000000),
(344, 'Mammini, Ivo', 'Gimnasia', 'DEL', 300000),
(345, 'Tijanovich, Horacio', 'Gimnasia', 'DEL', 3000000),
(346, 'Vargas, Jesús', 'Gimnasia', 'DEL', 2200000),
(347, 'Bolado, Juan Cruz', 'Godoy Cruz', 'ARQ', 800000),
(348, 'Ibáñez, Nelson', 'Godoy Cruz', 'ARQ', 3000000),
(349, 'Ramírez, Roberto', 'Godoy Cruz', 'ARQ', 3200000),
(350, 'Carrasco, Gabriel', 'Godoy Cruz', 'DEF', 2200000),
(351, 'Escobar, Ian', 'Godoy Cruz', 'DEF', 300000),
(352, 'Ferrari, Gianluca', 'Godoy Cruz', 'DEF', 1200000),
(353, 'González, Leonel', 'Godoy Cruz', 'DEF', 900000),
(354, 'Goñi, Gonzalo', 'Godoy Cruz', 'DEF', 1900000),
(355, 'Herrera, Marcelo', 'Godoy Cruz', 'DEF', 3200000),
(356, 'Peña, Pablo', 'Godoy Cruz', 'DEF', 300000),
(357, 'Pérez, Damián', 'Godoy Cruz', 'DEF', 2300000),
(358, 'Romero, Zaid', 'Godoy Cruz', 'DEF', 300000),
(359, 'Silva, Hugo', 'Godoy Cruz', 'DEF', 2300000),
(360, 'Álvarez, Agustín', 'Godoy Cruz', 'DEF', 300000),
(361, 'Abrego, Gonzalo', 'Godoy Cruz', 'VOL', 600000),
(362, 'Alanís, Gabriel', 'Godoy Cruz', 'VOL', 2600000),
(363, 'Andrada, Juan', 'Godoy Cruz', 'VOL', 2400000),
(364, 'Burgoa, Valentín', 'Godoy Cruz', 'VOL', 1300000),
(365, 'Cartagena, Wilder', 'Godoy Cruz', 'VOL', 2100000),
(366, 'Elías, Jalil', 'Godoy Cruz', 'VOL', 2900000),
(367, 'Henríquez, Fabián', 'Godoy Cruz', 'VOL', 2500000),
(368, 'Manzur, Agustín', 'Godoy Cruz', 'VOL', 900000),
(369, 'Pizarro, Luciano', 'Godoy Cruz', 'VOL', 1700000),
(370, 'Tesuri, Renzo', 'Godoy Cruz', 'VOL', 1000000),
(371, 'Badaloni, Tomás', 'Godoy Cruz', 'DEL', 1200000),
(372, 'Bullaude, Ezequiel', 'Godoy Cruz', 'DEL', 800000),
(373, 'Cantero, Alan', 'Godoy Cruz', 'DEL', 400000),
(374, 'García, Santiago', 'Godoy Cruz', 'DEL', 5500000),
(375, 'González, Matías', 'Godoy Cruz', 'DEL', 300000),
(376, 'Lomónaco, Sebastián', 'Godoy Cruz', 'DEL', 1100000),
(377, 'Ojeda, Martín', 'Godoy Cruz', 'DEL', 1000000),
(378, 'Ramis, Victorio', 'Godoy Cruz', 'DEL', 3600000),
(379, 'Ulariaga, Nahuel', 'Godoy Cruz', 'DEL', 300000),
(380, 'Cambeses, Facundo', 'Huracán', 'ARQ', 800000),
(381, 'Ferrario, Rafael', 'Huracán', 'ARQ', 300000),
(382, 'Mendive, Joaquín', 'Huracán', 'ARQ', 700000),
(383, 'Meza, Sebastián', 'Huracán', 'ARQ', 300000),
(384, 'Civelli, Renato', 'Huracán', 'DEF', 3800000),
(385, 'Grimi, Leandro', 'Huracán', 'DEF', 3000000),
(386, 'Ibáñez, César', 'Huracán', 'DEF', 700000),
(387, 'Lozano, Raúl', 'Huracán', 'DEF', 700000),
(388, 'Merolla, Lucas', 'Huracán', 'DEF', 1000000),
(389, 'Navarro, Ezequiel', 'Huracán', 'DEF', 400000),
(390, 'Pérez, Walter', 'Huracán', 'DEF', 1900000),
(391, 'Salcedo, Saúl', 'Huracán', 'DEF', 4000000),
(392, 'Valente, Lucas', 'Huracán', 'DEF', 300000),
(393, 'Arregui, Adrián', 'Huracán', 'VOL', 2400000),
(394, 'Bonifacio, Ezequiel', 'Huracán', 'VOL', 2100000),
(395, 'Cabral, Rodrigo', 'Huracán', 'VOL', 300000),
(396, 'Cristaldo, Franco', 'Huracán', 'VOL', 2700000),
(397, 'Curruhinca, Agustín', 'Huracán', 'VOL', 300000),
(398, 'Forlano, Matías', 'Huracán', 'VOL', 300000),
(399, 'Hezze, Santiago', 'Huracán', 'VOL', 400000),
(400, 'Maidana, Braian', 'Huracán', 'VOL', 300000),
(401, 'Marín, Federico', 'Huracán', 'VOL', 300000),
(402, 'Mercado, Diego', 'Huracán', 'VOL', 300000),
(403, 'Núñez, Cristian D.', 'Huracán', 'VOL', 300000),
(404, 'Oro, Pablo', 'Huracán', 'VOL', 300000),
(405, 'Ramírez, Sebastián', 'Huracán', 'VOL', 400000),
(406, 'Rolón, Esteban', 'Huracán', 'VOL', 3900000),
(407, 'Toranzo, Patricio', 'Huracán', 'VOL', 3000000),
(408, 'Vignati, Joaquín', 'Huracán', 'VOL', 300000),
(409, 'Briasco, Norberto', 'Huracán', 'DEL', 3300000),
(410, 'Chávez, Andrés', 'Huracán', 'DEL', 4100000),
(411, 'Coniglio, Fernando', 'Huracán', 'DEL', 2200000),
(412, 'Cordero, Nicolás', 'Huracán', 'DEL', 1600000),
(413, 'Garro, Juan Fernando', 'Huracán', 'DEL', 4200000),
(414, 'Mendoza, Diego', 'Huracán', 'DEL', 4100000),
(415, 'Bacchia, Renzo', 'Independiente', 'ARQ', 300000),
(416, 'Sosa, Sebastián', 'Independiente', 'ARQ', 4200000),
(417, 'Álvarez, Milton', 'Independiente', 'ARQ', 2500000),
(418, 'Asís, Gonzalo', 'Independiente', 'DEF', 1000000),
(419, 'Barboza Ullúa, Alexander', 'Independiente', 'DEF', 4300000),
(420, 'Barreto, Sergio', 'Independiente', 'DEF', 1400000),
(421, 'Bustos, Fabricio', 'Independiente', 'DEF', 4600000),
(422, 'Costa, Ayrton', 'Independiente', 'DEF', 300000),
(423, 'Di Lorenzo, Juan Antonio', 'Independiente', 'DEF', 900000),
(424, 'Franco, Alan', 'Independiente', 'DEF', 4100000),
(425, 'Muñoz, Ezequiel', 'Independiente', 'DEF', 3200000),
(426, 'Ortega, Thomas', 'Independiente', 'DEF', 300000),
(427, 'Rodríguez, Lucas', 'Independiente', 'DEF', 2200000),
(428, 'Benavídez, Carlos', 'Independiente', 'VOL', 3000000),
(429, 'Blanco, Domingo', 'Independiente', 'VOL', 3400000),
(430, 'González, Lucas', 'Independiente', 'VOL', 400000),
(431, 'Hernández, Pablo', 'Independiente', 'VOL', 3700000),
(432, 'Ostachuk, Patricio', 'Independiente', 'VOL', 300000),
(433, 'Pacchini, Juan Ignacio', 'Independiente', 'VOL', 400000),
(434, 'Pozzo, Tomás', 'Independiente', 'VOL', 300000),
(435, 'Roa, Andrés Felipe', 'Independiente', 'VOL', 4200000),
(436, 'Romero, Lucas', 'Independiente', 'VOL', 3600000),
(437, 'Rotela, Federico', 'Independiente', 'VOL', 300000),
(438, 'Soñora, Alan', 'Independiente', 'VOL', 300000),
(439, 'Del Castillo, Mauricio', 'Independiente', 'DEL', 300000),
(440, 'Landaburu, Marcos', 'Independiente', 'DEL', 300000),
(441, 'Martínez, Braian', 'Independiente', 'DEL', 1500000),
(442, 'Martínez, Federico', 'Independiente', 'DEL', 2300000),
(443, 'Menéndez, Jonathan', 'Independiente', 'DEL', 3000000),
(444, 'Messiniti, Nicolás', 'Independiente', 'DEL', 1100000),
(445, 'Romero, Silvio', 'Independiente', 'DEL', 5800000),
(446, 'Togni, Gastón', 'Independiente', 'DEL', 2800000),
(447, 'Velasco, Alan', 'Independiente', 'DEL', 400000),
(448, 'Velazco, Facundo', 'Independiente', 'DEL', 300000),
(449, 'Zarza, Juan Román', 'Independiente', 'DEL', 300000),
(450, 'Acosta, Lucas', 'Lanús', 'ARQ', 1500000),
(451, 'Morales, Lautaro', 'Lanús', 'ARQ', 600000),
(452, 'Ríos Novo, Rocco', 'Lanús', 'ARQ', 300000),
(453, 'Aguirre, Braian', 'Lanús', 'DEF', 300000),
(454, 'Aranda, Pablo', 'Lanús', 'DEF', 300000),
(455, 'Aude, Julián', 'Lanús', 'DEF', 300000),
(456, 'Burdisso, Guillermo', 'Lanús', 'DEF', 3100000),
(457, 'Di Plácido, Leonel', 'Lanús', 'DEF', 2800000),
(458, 'Gómez, José Luis', 'Lanús', 'DEF', 3300000),
(459, 'Lomónaco, Kevin', 'Lanús', 'DEF', 300000),
(460, 'Morgantini, Nicolás', 'Lanús', 'DEF', 1800000),
(461, 'N\'Dong, Ousmane', 'Lanús', 'DEF', 300000),
(462, 'Pérez, Alexis', 'Lanús', 'DEF', 1300000),
(463, 'Pérez, Matías', 'Lanús', 'DEF', 300000),
(464, 'Tabares, Alejo', 'Lanús', 'DEF', 300000),
(465, 'Thaller, Nicolás', 'Lanús', 'DEF', 1900000),
(466, 'Belluschi, Fernando', 'Lanús', 'VOL', 4700000),
(467, 'Belmonte, Tomás', 'Lanús', 'VOL', 3200000),
(468, 'Casazza, Gonzalo', 'Lanús', 'VOL', 300000),
(469, 'Cechi, Ignacio', 'Lanús', 'VOL', 300000),
(470, 'De la Vega, Pedro', 'Lanús', 'VOL', 1800000),
(471, 'Esquivel, Matías', 'Lanús', 'VOL', 300000),
(472, 'Lódico, Gastón', 'Lanús', 'VOL', 2800000),
(473, 'López, José Manuel', 'Lanús', 'VOL', 300000),
(474, 'Núñez, Cristian', 'Lanús', 'VOL', 500000),
(475, 'Pérez, Facundo', 'Lanús', 'VOL', 400000),
(476, 'Quignon, Facundo', 'Lanús', 'VOL', 3500000),
(477, 'Torres, Gonzalo', 'Lanús', 'VOL', 300000),
(478, 'Vera, Lucas', 'Lanús', 'VOL', 2200000),
(479, 'Acosta, Lautaro', 'Lanús', 'DEL', 6300000),
(480, 'Bernabéi, Alexandro', 'Lanús', 'DEL', 300000),
(481, 'Besozzi, Lucas', 'Lanús', 'DEL', 300000),
(482, 'Krilanovich, Juan Pablo', 'Lanús', 'DEL', 300000),
(483, 'Orozco, Franco', 'Lanús', 'DEL', 500000),
(484, 'Orsini, Nicolás', 'Lanús', 'DEL', 2000000),
(485, 'Sand, José', 'Lanús', 'DEL', 6500000),
(486, 'Varaldo, Lucas Ariel', 'Lanús', 'DEL', 300000),
(487, 'Aguerre, Alan', 'Newell\'s', 'ARQ', 4000000),
(488, 'Barlasina, Williams', 'Newell\'s', 'ARQ', 300000),
(489, 'Macagno, Ramiro', 'Newell\'s', 'ARQ', 1200000),
(490, 'Bíttolo, Mariano', 'Newell\'s', 'DEF', 3100000),
(491, 'Calderara, Brian', 'Newell\'s', 'DEF', 300000),
(492, 'Capasso, Manuel', 'Newell\'s', 'DEF', 1200000),
(493, 'Fontanini, Fabricio', 'Newell\'s', 'DEF', 3600000),
(494, 'Gabrielli, Ángelo', 'Newell\'s', 'DEF', 3000000),
(495, 'Gentiletti, Santiago', 'Newell\'s', 'DEF', 3600000),
(496, 'Guanini, Manuel', 'Newell\'s', 'DEF', 2800000),
(497, 'Mansilla, Facundo', 'Newell\'s', 'DEF', 300000),
(498, 'Nadalín, Facundo', 'Newell\'s', 'DEF', 2500000),
(499, 'Cacciabue, Jerónimo', 'Newell\'s', 'VOL', 1700000),
(500, 'Campagnaro, Marco', 'Newell\'s', 'VOL', 300000),
(501, 'Castro, Nicolás', 'Newell\'s', 'VOL', 300000),
(502, 'Fernández, Julián', 'Newell\'s', 'VOL', 2000000),
(503, 'Formica, Mauro', 'Newell\'s', 'VOL', 4400000),
(504, 'Llano, Manuel', 'Newell\'s', 'VOL', 300000),
(505, 'Maccari, Mateo', 'Newell\'s', 'VOL', 300000),
(506, 'Moreno, Aníbal', 'Newell\'s', 'VOL', 800000),
(507, 'Orihuela, Matías', 'Newell\'s', 'VOL', 1700000),
(508, 'Pérez, Pablo', 'Newell\'s', 'VOL', 5300000),
(509, 'Rodríguez, Alexis', 'Newell\'s', 'VOL', 1800000),
(510, 'Rodríguez, Denis', 'Newell\'s', 'VOL', 1000000),
(511, 'Rodríguez, Maximiliano', 'Newell\'s', 'VOL', 5000000),
(512, 'Sforza, Juan', 'Newell\'s', 'VOL', 900000),
(513, 'Sordo, Ramiro', 'Newell\'s', 'VOL', 400000),
(514, 'Cabrera, Enzo', 'Newell\'s', 'DEL', 800000),
(515, 'Cingolani, Luciano', 'Newell\'s', 'DEL', 300000),
(516, 'González, Francisco', 'Newell\'s', 'DEL', 300000),
(517, 'Palacios, Sebastián', 'Newell\'s', 'DEL', 4600000),
(518, 'Scocco, Ignacio', 'Newell\'s', 'DEL', 5500000),
(519, 'Costa, Federico', 'Patronato', 'ARQ', 2200000),
(520, 'Rivasseau, Franco', 'Patronato', 'ARQ', 300000),
(521, 'Sappa, Daniel', 'Patronato', 'ARQ', 2200000),
(522, 'Almada, Jerónimo', 'Patronato', 'DEF', 300000),
(523, 'Aruga, Martín', 'Patronato', 'DEF', 300000),
(524, 'Benítez, Oliver', 'Patronato', 'DEF', 1300000),
(525, 'Canto, Gustavo', 'Patronato', 'DEF', 900000),
(526, 'Chimino, Cristian', 'Patronato', 'DEF', 3100000),
(527, 'Geminiani, Lautaro', 'Patronato', 'DEF', 2500000),
(528, 'Gissi, Dylan', 'Patronato', 'DEF', 2700000),
(529, 'Guasone, Juan Cruz', 'Patronato', 'DEF', 300000),
(530, 'Komar, Mateo', 'Patronato', 'DEF', 300000),
(531, 'Kruspzky, Lucas', 'Patronato', 'DEF', 1600000),
(532, 'Marín, Leandro', 'Patronato', 'DEF', 2100000),
(533, 'Negro, Brian', 'Patronato', 'DEF', 300000),
(534, 'Urribarri, Bruno', 'Patronato', 'DEF', 2200000),
(535, 'Barinaga, Juan', 'Patronato', 'VOL', 300000),
(536, 'Briñone, Santiago', 'Patronato', 'VOL', 900000),
(537, 'Comas, Román', 'Patronato', 'VOL', 300000),
(538, 'Compagnucci, Gabriel', 'Patronato', 'VOL', 1700000),
(539, 'Cáceres, Tomás', 'Patronato', 'VOL', 300000),
(540, 'González, Mauro', 'Patronato', 'VOL', 900000),
(541, 'Lemos, Damián', 'Patronato', 'VOL', 3200000),
(542, 'Luna, Fernando', 'Patronato', 'VOL', 1700000),
(543, 'Miloc, Dardo', 'Patronato', 'VOL', 2400000),
(544, 'Nievas, Brian', 'Patronato', 'VOL', 300000),
(545, 'Ortiz, Jorge', 'Patronato', 'VOL', 2800000),
(546, 'Pastorelli, Agustín', 'Patronato', 'VOL', 300000),
(547, 'Torres, Lautaro', 'Patronato', 'VOL', 1500000),
(548, 'Vechette, Luciano', 'Patronato', 'VOL', 300000),
(549, 'Arias, Junior', 'Patronato', 'DEL', 4300000),
(550, 'Barreto, José', 'Patronato', 'DEL', 300000),
(551, 'Chávez, Bruno', 'Patronato', 'DEL', 300000),
(552, 'Comas, Lautaro', 'Patronato', 'DEL', 3200000),
(553, 'Delgadillo, Nicolás', 'Patronato', 'DEL', 2400000),
(554, 'Dettler, Faustino', 'Patronato', 'DEL', 400000),
(555, 'Guiffrey, Agustín', 'Patronato', 'DEL', 1000000),
(556, 'Rivero, Germán', 'Patronato', 'DEL', 2100000),
(557, 'Sosa, Alexander', 'Patronato', 'DEL', 300000),
(558, 'Arias, Gabriel', 'Racing', 'ARQ', 6000000),
(559, 'Gómez, Gastón', 'Racing', 'ARQ', 2000000),
(560, 'Ibáñez, Matías', 'Racing', 'ARQ', 3400000),
(561, 'Cáceres, Juan', 'Racing', 'DEF', 300000),
(562, 'Domínguez, Nery', 'Racing', 'DEF', 4200000),
(563, 'Luque, Mauro', 'Racing', 'DEF', 300000),
(564, 'Machuca, Elías', 'Racing', 'DEF', 300000),
(565, 'Mena, Eugenio', 'Racing', 'DEF', 3600000),
(566, 'Orban, Lucas', 'Racing', 'DEF', 3300000),
(567, 'Pillud, Iván', 'Racing', 'DEF', 3400000),
(568, 'Prado, Fernando', 'Racing', 'DEF', 300000),
(569, 'Segovia, Imanol', 'Racing', 'DEF', 300000),
(570, 'Sigali, Leonardo', 'Racing', 'DEF', 5000000),
(571, 'Soto, Alexis', 'Racing', 'DEF', 3000000),
(572, 'Alcaraz, Carlos', 'Racing', 'VOL', 400000),
(573, 'Andrada, Luca', 'Racing', 'VOL', 300000),
(574, 'Banega, Tiago', 'Racing', 'VOL', 1000000),
(575, 'Domínguez, Fabricio', 'Racing', 'VOL', 3100000),
(576, 'Díaz, Marcelo', 'Racing', 'VOL', 4500000),
(577, 'Gómez, Ángel', 'Racing', 'VOL', 300000),
(578, 'López, Julián', 'Racing', 'VOL', 800000),
(579, 'Martínez, Mauricio', 'Racing', 'VOL', 3500000),
(580, 'Miranda, Leonel', 'Racing', 'VOL', 3800000),
(581, 'Montoya, Walter', 'Racing', 'VOL', 4200000),
(582, 'Núñez, Lucas', 'Racing', 'VOL', 300000),
(583, 'Núñez, Matías', 'Racing', 'VOL', 300000),
(584, 'Ortiz, Alan Damián', 'Racing', 'VOL', 300000),
(585, 'Rojas, Agustín', 'Racing', 'VOL', 300000),
(586, 'Rojas, Matías', 'Racing', 'VOL', 4600000),
(587, 'Solari, Augusto', 'Racing', 'VOL', 4200000),
(588, 'Sánchez, Fabián', 'Racing', 'VOL', 300000),
(589, 'Tanda, Patricio', 'Racing', 'VOL', 300000),
(590, 'Cardozo, Evelio', 'Racing', 'DEL', 300000),
(591, 'Cristaldo, Jonatan', 'Racing', 'DEL', 4300000),
(592, 'Cvitanich, Darío', 'Racing', 'DEL', 4700000),
(593, 'Fértoli, Héctor', 'Racing', 'DEL', 3800000),
(594, 'Garré, Benjamín', 'Racing', 'DEL', 2300000),
(595, 'Godoy, Leandro', 'Racing', 'DEL', 300000),
(596, 'López, Lisandro', 'Racing', 'DEL', 5900000),
(597, 'Melgarejo, Lorenzo', 'Racing', 'DEL', 4100000),
(598, 'Reniero, Nicolás', 'Racing', 'DEL', 3800000),
(599, 'Armani, Franco', 'River', 'ARQ', 6800000),
(600, 'Bologna, Enrique', 'River', 'ARQ', 2500000),
(601, 'Centurión, Ezequiel', 'River', 'ARQ', 600000),
(602, 'Lux, Germán', 'River', 'ARQ', 3000000),
(603, 'Aguirre, Augusto', 'River', 'DEF', 300000),
(604, 'Casco, Milton', 'River', 'DEF', 4900000),
(605, 'Díaz, Paulo', 'River', 'DEF', 3500000),
(606, 'López, Elías', 'River', 'DEF', 700000),
(607, 'Montiel, Gonzalo', 'River', 'DEF', 4000000),
(608, 'Montiel, Santiago', 'River', 'DEF', 300000),
(609, 'Moreira, Jorge', 'River', 'DEF', 3300000),
(610, 'Pinola, Javier', 'River', 'DEF', 5900000),
(611, 'Rojas, Robert', 'River', 'DEF', 4100000),
(612, 'Angileri, Fabrizio', 'River', 'VOL', 3200000),
(613, 'Carrascal, Jorge', 'River', 'VOL', 3200000),
(614, 'Castro, Tomás', 'River', 'VOL', 300000),
(615, 'De La Cruz, Nicolás', 'River', 'VOL', 5500000),
(616, 'Fernández, Ignacio', 'River', 'VOL', 7800000),
(617, 'Ferreira, Cristian', 'River', 'VOL', 2300000),
(618, 'Ponzio, Leonardo', 'River', 'VOL', 4500000),
(619, 'Pérez, Enzo', 'River', 'VOL', 4200000),
(620, 'Simón, Santiago', 'River', 'VOL', 300000),
(621, 'Sosa, Santiago', 'River', 'VOL', 1700000),
(622, 'Zuculini, Bruno', 'River', 'VOL', 3400000),
(623, 'Beltrán, Lucas', 'River', 'DEL', 300000),
(624, 'Borré, Rafael Santos', 'River', 'DEL', 6300000),
(625, 'Girotti, Federico', 'River', 'DEL', 300000),
(626, 'Pratto, Lucas', 'River', 'DEL', 5900000),
(627, 'Rollheiser, Benjamín', 'River', 'DEL', 1200000),
(628, 'Suárez, Matías', 'River', 'DEL', 6500000),
(629, 'Álvarez, Julián', 'River', 'DEL', 1900000),
(630, 'Ayala, Josué', 'Rosario Ctral.', 'ARQ', 2900000),
(631, 'Miño, Marcelo', 'Rosario Ctral.', 'ARQ', 800000),
(632, 'Romero, Juan Pablo', 'Rosario Ctral.', 'ARQ', 300000),
(633, 'Almada, Facundo', 'Rosario Ctral.', 'DEF', 300000),
(634, 'Blanco, Lautaro', 'Rosario Ctral.', 'DEF', 300000),
(635, 'Bottinelli, Jonathan', 'Rosario Ctral.', 'DEF', 4000000),
(636, 'Laso, Joaquín', 'Rosario Ctral.', 'DEF', 2600000),
(637, 'Martínez, Damián', 'Rosario Ctral.', 'DEF', 3400000),
(638, 'Mazzaco, Joan', 'Rosario Ctral.', 'DEF', 300000),
(639, 'Novaretti, Diego', 'Rosario Ctral.', 'DEF', 3500000),
(640, 'Torrent, Fernando', 'Rosario Ctral.', 'DEF', 2800000),
(641, 'Ferreyra, Luciano', 'Rosario Ctral.', 'VOL', 300000),
(642, 'Giaccone, Lautaro', 'Rosario Ctral.', 'VOL', 300000),
(643, 'Infantino, Gino', 'Rosario Ctral.', 'VOL', 300000),
(644, 'Lo Celso, Francesco', 'Rosario Ctral.', 'VOL', 300000),
(645, 'López Pissano, Joel', 'Rosario Ctral.', 'VOL', 1200000),
(646, 'Ojeda, Emmanuel', 'Rosario Ctral.', 'VOL', 1200000),
(647, 'Rinaudo, Fabián', 'Rosario Ctral.', 'VOL', 4100000),
(648, 'Sangiovani, Rafael', 'Rosario Ctral.', 'VOL', 300000),
(649, 'Tanlongo, Mateo', 'Rosario Ctral.', 'VOL', 300000),
(650, 'Vecchio, Emiliano', 'Rosario Ctral.', 'VOL', 3700000),
(651, 'Villagra, Rodrigo', 'Rosario Ctral.', 'VOL', 400000),
(652, 'Zabala, Diego', 'Rosario Ctral.', 'VOL', 4600000),
(653, 'Bonansea, Alan', 'Rosario Ctral.', 'DEL', 1100000),
(654, 'Gamba, Lucas', 'Rosario Ctral.', 'DEL', 4800000),
(655, 'Marinelli, Alan', 'Rosario Ctral.', 'DEL', 300000),
(656, 'Martínez Dupuy, Luca', 'Rosario Ctral.', 'DEL', 500000),
(657, 'Russo, Ignacio', 'Rosario Ctral.', 'DEL', 300000),
(658, 'López Kaleniuk, Lautaro', 'San Lorenzo', 'ARQ', 300000),
(659, 'Monetti, Fernando', 'San Lorenzo', 'ARQ', 4000000),
(660, 'Torrico, Sebastián', 'San Lorenzo', 'ARQ', 3200000),
(661, 'Arias, Ramón', 'San Lorenzo', 'DEF', 3400000),
(662, 'Coloccini, Fabricio', 'San Lorenzo', 'DEF', 4600000),
(663, 'Donatti, Alejandro', 'San Lorenzo', 'DEF', 4900000),
(664, 'Fernández, Nicolás Ezequiel', 'San Lorenzo', 'DEF', 300000),
(665, 'Flores, Francisco', 'San Lorenzo', 'DEF', 300000),
(666, 'Gattoni, Federico', 'San Lorenzo', 'DEF', 700000),
(667, 'Herrera, Andrés', 'San Lorenzo', 'DEF', 1200000),
(668, 'Peruzzi, Gino', 'San Lorenzo', 'DEF', 3800000),
(669, 'Pittón, Bruno', 'San Lorenzo', 'DEF', 4800000),
(670, 'Rojas, Gabriel', 'San Lorenzo', 'DEF', 2700000),
(671, 'Salazar, Víctor', 'San Lorenzo', 'DEF', 3000000),
(672, 'Vergini, Santiago', 'San Lorenzo', 'DEF', 3400000),
(673, 'Menossi, Lucas', 'San Lorenzo', 'VOL', 4400000),
(674, 'Palacios, Julián', 'San Lorenzo', 'VOL', 400000),
(675, 'Palacios, Matías', 'San Lorenzo', 'VOL', 900000),
(676, 'Piatti, Ignacio', 'San Lorenzo', 'VOL', 5500000),
(677, 'Ramírez, Juan', 'San Lorenzo', 'VOL', 4100000),
(678, 'Rodríguez, Diego', 'San Lorenzo', 'VOL', 3300000),
(679, 'Romero, Oscar', 'San Lorenzo', 'VOL', 5400000),
(680, 'Rosane, Siro', 'San Lorenzo', 'VOL', 300000),
(681, 'Sabella, Alexis', 'San Lorenzo', 'VOL', 300000),
(682, 'Sequeira, Luis', 'San Lorenzo', 'VOL', 300000),
(683, 'Di Santo, Franco', 'San Lorenzo', 'DEL', 5000000),
(684, 'Díaz, Alexander', 'San Lorenzo', 'DEL', 500000),
(685, 'Fernández, Nicolás Emanuel', 'San Lorenzo', 'DEL', 3900000),
(686, 'Hausch, Agustín', 'San Lorenzo', 'DEL', 300000),
(687, 'Herrera, Jonathan', 'San Lorenzo', 'DEL', 4100000),
(688, 'Peralta Bauer, Mariano', 'San Lorenzo', 'DEL', 500000),
(689, 'Romero, Ángel', 'San Lorenzo', 'DEL', 4400000),
(690, 'Blázquez, Joaquín', 'Talleres', 'ARQ', 300000),
(691, 'Caranta, Mauricio', 'Talleres', 'ARQ', 2500000),
(692, 'Díaz, Marcos', 'Talleres', 'ARQ', 4400000),
(693, 'Fragueda, Franco', 'Talleres', 'ARQ', 600000),
(694, 'Bersano, Fernando', 'Talleres', 'DEF', 400000),
(695, 'Díaz, Enzo', 'Talleres', 'DEF', 1800000),
(696, 'Gandolfi, Javier', 'Talleres', 'DEF', 3200000),
(697, 'Hincapié, Piero', 'Talleres', 'DEF', 500000),
(698, 'Komar, Juan Cruz', 'Talleres', 'DEF', 4000000),
(699, 'Malatini, Julián', 'Talleres', 'DEF', 300000),
(700, 'Schott, Augusto', 'Talleres', 'DEF', 300000),
(701, 'Tenaglia, Nahuel', 'Talleres', 'DEF', 2200000),
(702, 'Guzmán, Lautaro', 'Talleres', 'VOL', 400000),
(703, 'Mac Allister, Francis', 'Talleres', 'VOL', 2200000),
(704, 'Méndez, Juan Ignacio', 'Talleres', 'VOL', 1800000),
(705, 'Navarro, Federico', 'Talleres', 'VOL', 700000),
(706, 'Ortiz, Mauro', 'Talleres', 'VOL', 2800000),
(707, 'Pochettino, Tomás', 'Talleres', 'VOL', 3500000),
(708, 'Pérez, Rafael', 'Talleres', 'VOL', 2200000),
(709, 'Soñora, Joel', 'Talleres', 'VOL', 2300000),
(710, 'Torres, Gastón', 'Talleres', 'VOL', 500000),
(711, 'Álvez, Gonzalo', 'Talleres', 'VOL', 300000),
(712, 'Arturia, Marcos', 'Talleres', 'DEL', 300000),
(713, 'Auzqui, Carlos', 'Talleres', 'DEL', 3300000),
(714, 'Beltramone, Exequiel', 'Talleres', 'DEL', 900000),
(715, 'Cabral, Favio', 'Talleres', 'DEL', 300000),
(716, 'Córdoba, Matías', 'Talleres', 'DEL', 1000000),
(717, 'Fragapane, Franco', 'Talleres', 'DEL', 3100000),
(718, 'Lago, Ignacio', 'Talleres', 'DEL', 800000),
(719, 'Mamani, Mateo', 'Talleres', 'DEL', 300000),
(720, 'Parede, Guilherme', 'Talleres', 'DEL', 2800000),
(721, 'Retegui, Mateo', 'Talleres', 'DEL', 1400000),
(722, 'Solari, Pablo', 'Talleres', 'DEL', 300000),
(723, 'Valoyes, Diego', 'Talleres', 'DEL', 2500000),
(724, 'Bonansea, Federico', 'Unión', 'ARQ', 300000),
(725, 'Gómez, Joaquín', 'Unión', 'ARQ', 300000),
(726, 'Moyano, Sebastián', 'Unión', 'ARQ', 2700000),
(727, 'Peano, Marcos', 'Unión', 'ARQ', 1500000),
(728, 'Blasi, Brian', 'Unión', 'DEF', 2400000),
(729, 'Calderón, Franco', 'Unión', 'DEF', 400000),
(730, 'Calderón, Pablo', 'Unión', 'DEF', 900000),
(731, 'Corvalán, Claudio', 'Unión', 'DEF', 3200000),
(732, 'Esquivel, Lucas', 'Unión', 'DEF', 300000),
(733, 'Galván, Jonathan', 'Unión', 'DEF', 3200000),
(734, 'Gerometta, Francisco', 'Unión', 'DEF', 300000),
(735, 'Godoy, Franco', 'Unión', 'DEF', 300000),
(736, 'Nani, Matías', 'Unión', 'DEF', 2200000),
(737, 'Portillo, Juan Carlos', 'Unión', 'DEF', 300000),
(738, 'Vera, Federico', 'Unión', 'DEF', 900000),
(739, 'Zules, Jorge', 'Unión', 'DEF', 1100000),
(740, 'Assis, Sebastián', 'Unión', 'VOL', 1300000),
(741, 'Borgnino, Marco', 'Unión', 'VOL', 1100000),
(742, 'Carabajal, Gabriel', 'Unión', 'VOL', 3500000),
(743, 'Cecchini, Emanuel', 'Unión', 'VOL', 2200000),
(744, 'Comas, Gastón', 'Unión', 'VOL', 300000),
(745, 'Elizari, Fernando', 'Unión', 'VOL', 2000000),
(746, 'Leyes, Nery', 'Unión', 'VOL', 2000000),
(747, 'Machuca, Imanol', 'Unión', 'VOL', 300000),
(748, 'Nardoni, Juan', 'Unión', 'VOL', 300000),
(749, 'Palacio, Pablo', 'Unión', 'VOL', 300000),
(750, 'Ríos, Lucas', 'Unión', 'VOL', 300000),
(751, 'Sobrero, Brian', 'Unión', 'VOL', 300000),
(752, 'Andereggen, Nicolás', 'Unión', 'DEL', 2200000),
(753, 'Bracamonte, Walter', 'Unión', 'DEL', 1900000),
(754, 'Bucca, Leonel', 'Unión', 'DEL', 600000),
(755, 'Cabrera, Javier', 'Unión', 'DEL', 2000000),
(756, 'Cañete, Ezequiel', 'Unión', 'DEL', 1200000),
(757, 'Gallegos, Matías', 'Unión', 'DEL', 800000),
(758, 'García, Juan Manuel', 'Unión', 'DEL', 2100000),
(759, 'González, Gastón', 'Unión', 'DEL', 300000),
(760, 'Juárez, Daniel', 'Unión', 'DEL', 600000),
(761, 'Luna Diale, Mauro', 'Unión', 'DEL', 800000),
(762, 'Márquez, Fernando', 'Unión', 'DEL', 3000000),
(763, 'Troyansky, Franco', 'Unión', 'DEL', 3600000),
(764, 'Zenón, Kevin', 'Unión', 'DEL', 300000),
(765, 'Borgogno, Matías', 'Vélez', 'ARQ', 300000),
(766, 'Domínguez, Alexander', 'Vélez', 'ARQ', 3400000),
(767, 'Hoyos, Lucas', 'Vélez', 'ARQ', 3800000),
(768, 'Perrone, Facundo', 'Vélez', 'ARQ', 300000),
(769, 'Abram, Luis', 'Vélez', 'DEF', 2600000),
(770, 'Amor, Emiliano', 'Vélez', 'DEF', 2100000),
(771, 'Brizuela, Miguel', 'Vélez', 'DEF', 1200000),
(772, 'Cavanagh, Tomás', 'Vélez', 'DEF', 300000),
(773, 'De la Fuente, Hernán', 'Vélez', 'DEF', 1900000),
(774, 'Fernández, Damián', 'Vélez', 'DEF', 300000),
(775, 'Giannetti, Lautaro', 'Vélez', 'DEF', 3000000),
(776, 'Guidara, Tomás', 'Vélez', 'DEF', 2300000),
(777, 'López, Martín Agustín', 'Vélez', 'DEF', 300000),
(778, 'Ortega, Francisco', 'Vélez', 'DEF', 2200000),
(779, 'Toni, Mauricio', 'Vélez', 'DEF', 1700000),
(780, 'Almada, Thiago', 'Vélez', 'VOL', 4900000),
(781, 'Centurión, Ricardo', 'Vélez', 'VOL', 5400000),
(782, 'Cáseres, Facundo', 'Vélez', 'VOL', 400000),
(783, 'Enrique, Marcos', 'Vélez', 'VOL', 300000),
(784, 'Gago, Fernando', 'Vélez', 'VOL', 4200000),
(785, 'Galdames, Pablo', 'Vélez', 'VOL', 2500000),
(786, 'Garayalde, Nicolás', 'Vélez', 'VOL', 300000),
(787, 'Mancuello, Federico', 'Vélez', 'VOL', 4200000),
(788, 'Mulet, Agustín', 'Vélez', 'VOL', 300000),
(789, 'Pittón, Mauro', 'Vélez', 'VOL', 3300000),
(790, 'Álvarez, Ricardo', 'Vélez', 'VOL', 4600000),
(791, 'Bouzat, Agustín', 'Vélez', 'DEL', 4000000),
(792, 'Janson, Lucas', 'Vélez', 'DEL', 3400000),
(793, 'Lucero, Juan Martín', 'Vélez', 'DEL', 3900000),
(794, 'Mainero, Guido', 'Vélez', 'DEL', 2400000),
(795, 'Monzón, Florián', 'Vélez', 'DEL', 300000),
(796, 'Orellano, Luca', 'Vélez', 'DEL', 400000),
(797, 'Ramis, Jhonathan', 'Vélez', 'DEL', 2200000),
(798, 'Tarragona, Cristian', 'Vélez', 'DEL', 4000000),
(799, 'Versaci, Federico', 'Vélez', 'DEL', 300000);

-- --------------------------------------------------------

--
-- Table structure for table `player_round`
--

CREATE TABLE `player_round` (
  `fk_id_player` int(11) NOT NULL,
  `fk_id_round` int(11) NOT NULL,
  `score` int(11) DEFAULT NULL
) ENGINE=InnoDB DEFAULT CHARSET=utf8mb4;

--
-- Dumping data for table `player_round`
--

INSERT INTO `player_round` (`fk_id_player`, `fk_id_round`, `score`) VALUES
(2, 1, NULL),
(3, 1, NULL),
(4, 1, 14),
(5, 1, NULL),
(6, 1, 7),
(7, 1, 6),
(8, 1, 7),
(9, 1, NULL),
(10, 1, NULL),
(11, 1, 8),
(12, 1, 8),
(13, 1, NULL),
(14, 1, 5),
(15, 1, 3),
(16, 1, 3),
(17, 1, 6),
(18, 1, 6),
(19, 1, NULL),
(20, 1, 5),
(21, 1, NULL),
(22, 1, NULL),
(23, 1, NULL),
(24, 1, NULL),
(25, 1, NULL),
(26, 1, NULL),
(27, 1, NULL),
(28, 1, 6),
(29, 1, 5),
(30, 1, 4),
(31, 1, NULL),
(32, 1, NULL),
(33, 1, NULL),
(34, 1, 8),
(35, 1, NULL),
(36, 1, NULL),
(37, 1, NULL),
(38, 1, NULL),
(39, 1, NULL),
(40, 1, 7),
(41, 1, NULL),
(42, 1, 8),
(43, 1, NULL),
(44, 1, 7),
(45, 1, NULL),
(46, 1, 5),
(47, 1, NULL),
(48, 1, NULL),
(49, 1, NULL),
(50, 1, NULL),
(51, 1, NULL),
(52, 1, NULL),
(53, 1, 4),
(54, 1, 5),
(55, 1, NULL),
(56, 1, NULL),
(57, 1, NULL),
(58, 1, 5),
(59, 1, 6),
(60, 1, NULL),
(61, 1, 3),
(62, 1, NULL),
(63, 1, NULL),
(64, 1, NULL),
(65, 1, NULL),
(66, 1, NULL),
(67, 1, NULL),
(68, 1, NULL),
(69, 1, 15),
(70, 1, NULL),
(71, 1, 7),
(72, 1, NULL),
(73, 1, NULL),
(74, 1, NULL),
(75, 1, 8),
(76, 1, 6),
(77, 1, NULL),
(78, 1, 3),
(79, 1, NULL),
(80, 1, 4),
(81, 1, 5),
(82, 1, NULL),
(83, 1, NULL),
(84, 1, 3),
(85, 1, NULL),
(86, 1, NULL),
(87, 1, NULL),
(88, 1, NULL),
(89, 1, NULL),
(90, 1, 4),
(91, 1, NULL),
(92, 1, NULL),
(93, 1, 6),
(94, 1, 5),
(95, 1, NULL),
(96, 1, NULL),
(97, 1, 6),
(98, 1, NULL),
(99, 1, 5),
(100, 1, NULL),
(101, 1, NULL),
(102, 1, NULL),
(103, 1, NULL),
(104, 1, 6),
(105, 1, 6),
(106, 1, 6),
(107, 1, 14),
(108, 1, NULL),
(109, 1, NULL),
(110, 1, NULL),
(111, 1, 20),
(112, 1, 5),
(113, 1, 5),
(114, 1, NULL),
(115, 1, 5),
(116, 1, NULL),
(117, 1, NULL),
(118, 1, 6),
(119, 1, NULL),
(120, 1, 6),
(121, 1, 6),
(122, 1, NULL),
(123, 1, 14),
(124, 1, NULL),
(125, 1, NULL),
(126, 1, NULL),
(127, 1, 6),
(128, 1, NULL),
(129, 1, NULL),
(130, 1, 5),
(131, 1, 6),
(132, 1, NULL),
(133, 1, 5),
(134, 1, 4),
(135, 1, NULL),
(136, 1, 6),
(137, 1, NULL),
(138, 1, NULL),
(139, 1, NULL),
(140, 1, NULL),
(141, 1, 13),
(142, 1, NULL),
(143, 1, NULL),
(144, 1, NULL),
(145, 1, 8),
(146, 1, 5),
(147, 1, 5),
(148, 1, 5),
(149, 1, 13),
(150, 1, 11),
(151, 1, NULL),
(152, 1, NULL),
(153, 1, NULL),
(154, 1, NULL),
(155, 1, NULL),
(156, 1, 6),
(157, 1, 6),
(158, 1, 7),
(159, 1, NULL),
(160, 1, 6),
(161, 1, NULL),
(162, 1, NULL),
(163, 1, NULL),
(164, 1, 3),
(165, 1, NULL),
(166, 1, 3),
(167, 1, 4),
(168, 1, 11),
(169, 1, NULL),
(170, 1, NULL),
(171, 1, NULL),
(172, 1, NULL),
(173, 1, NULL),
(174, 1, NULL),
(175, 1, 6),
(176, 1, NULL),
(177, 1, NULL),
(178, 1, NULL),
(179, 1, NULL),
(180, 1, 13),
(181, 1, NULL),
(182, 1, NULL),
(183, 1, NULL),
(184, 1, NULL),
(185, 1, 12),
(186, 1, NULL),
(187, 1, 4),
(188, 1, NULL),
(189, 1, NULL),
(190, 1, 4),
(191, 1, 4),
(192, 1, NULL),
(193, 1, NULL),
(194, 1, 5),
(195, 1, 5),
(196, 1, NULL),
(197, 1, NULL),
(198, 1, NULL),
(199, 1, NULL),
(200, 1, NULL),
(201, 1, 4),
(202, 1, NULL),
(203, 1, NULL),
(204, 1, 6),
(205, 1, 6),
(206, 1, 6),
(207, 1, NULL),
(208, 1, NULL),
(209, 1, NULL),
(210, 1, NULL),
(211, 1, NULL),
(212, 1, 3),
(213, 1, 3),
(214, 1, NULL),
(215, 1, NULL),
(216, 1, 5),
(217, 1, 10),
(218, 1, NULL),
(219, 1, NULL),
(220, 1, 7),
(221, 1, 6),
(222, 1, 7),
(223, 1, NULL),
(224, 1, NULL),
(225, 1, NULL),
(226, 1, 7),
(227, 1, NULL),
(228, 1, 9),
(229, 1, 6),
(230, 1, NULL),
(231, 1, 6),
(232, 1, NULL),
(233, 1, 5),
(234, 1, NULL),
(235, 1, 4),
(236, 1, 17),
(237, 1, NULL),
(238, 1, NULL),
(239, 1, NULL),
(240, 1, 5),
(241, 1, NULL),
(242, 1, NULL),
(243, 1, NULL),
(244, 1, NULL),
(245, 1, NULL),
(246, 1, 1),
(247, 1, 5),
(248, 1, 3),
(249, 1, NULL),
(250, 1, NULL),
(251, 1, NULL),
(252, 1, 4),
(253, 1, 4),
(254, 1, NULL),
(255, 1, NULL),
(256, 1, 4),
(257, 1, NULL),
(258, 1, NULL),
(259, 1, 5),
(260, 1, NULL),
(261, 1, NULL),
(262, 1, NULL),
(263, 1, NULL),
(264, 1, 4),
(265, 1, NULL),
(266, 1, NULL),
(267, 1, 4),
(268, 1, NULL),
(269, 1, NULL),
(270, 1, NULL),
(271, 1, NULL),
(272, 1, 5),
(273, 1, 5),
(274, 1, NULL),
(275, 1, 3),
(276, 1, NULL),
(277, 1, 5),
(278, 1, 5),
(279, 1, 4),
(280, 1, NULL),
(281, 1, 9),
(282, 1, NULL),
(283, 1, NULL),
(284, 1, 7),
(285, 1, NULL),
(286, 1, NULL),
(287, 1, 8),
(288, 1, NULL),
(289, 1, 7),
(290, 1, 8),
(291, 1, NULL),
(292, 1, NULL),
(293, 1, NULL),
(294, 1, NULL),
(295, 1, NULL),
(296, 1, NULL),
(297, 1, NULL),
(298, 1, 4),
(299, 1, 7),
(300, 1, 6),
(301, 1, 5),
(302, 1, NULL),
(303, 1, NULL),
(304, 1, 5),
(305, 1, NULL),
(306, 1, NULL),
(307, 1, NULL),
(308, 1, NULL),
(309, 1, NULL),
(310, 1, 4),
(311, 1, NULL),
(312, 1, 5),
(313, 1, NULL),
(314, 1, NULL),
(315, 1, 9),
(316, 1, NULL),
(317, 1, NULL),
(318, 1, 16),
(319, 1, NULL),
(320, 1, 8),
(321, 1, NULL),
(322, 1, NULL),
(323, 1, 8),
(324, 1, NULL),
(325, 1, NULL),
(326, 1, 8),
(327, 1, 5),
(328, 1, 11),
(329, 1, NULL),
(330, 1, 6),
(331, 1, 6),
(332, 1, NULL),
(333, 1, NULL),
(334, 1, NULL),
(335, 1, NULL),
(336, 1, 5),
(337, 1, NULL),
(338, 1, NULL),
(339, 1, 11),
(340, 1, NULL),
(341, 1, NULL),
(342, 1, 5),
(343, 1, NULL),
(344, 1, NULL),
(345, 1, NULL),
(346, 1, NULL),
(347, 1, NULL),
(348, 1, 3),
(349, 1, NULL),
(350, 1, 4),
(351, 1, NULL),
(352, 1, 2),
(353, 1, 5),
(354, 1, NULL),
(355, 1, 3),
(356, 1, NULL),
(357, 1, 5),
(358, 1, NULL),
(359, 1, 17),
(360, 1, NULL),
(361, 1, NULL),
(362, 1, NULL),
(363, 1, NULL),
(364, 1, NULL),
(365, 1, 3),
(366, 1, 5),
(367, 1, NULL),
(368, 1, NULL),
(369, 1, NULL),
(370, 1, NULL),
(371, 1, 6),
(372, 1, 5),
(373, 1, NULL),
(374, 1, 4),
(375, 1, NULL),
(376, 1, NULL),
(377, 1, 5),
(378, 1, 5),
(379, 1, NULL),
(380, 1, 3),
(381, 1, NULL),
(382, 1, NULL),
(383, 1, NULL),
(384, 1, 5),
(385, 1, 5),
(386, 1, NULL),
(387, 1, 3),
(388, 1, 3),
(389, 1, NULL),
(390, 1, NULL),
(391, 1, 5),
(392, 1, NULL),
(393, 1, 3),
(394, 1, NULL),
(395, 1, NULL),
(396, 1, 5),
(397, 1, NULL),
(398, 1, NULL),
(399, 1, 5),
(400, 1, NULL),
(401, 1, NULL),
(402, 1, NULL),
(403, 1, 5),
(404, 1, NULL),
(405, 1, NULL),
(406, 1, NULL),
(407, 1, NULL),
(408, 1, NULL),
(409, 1, 11),
(410, 1, 5),
(411, 1, NULL),
(412, 1, 5),
(413, 1, 6),
(414, 1, NULL),
(415, 1, NULL),
(416, 1, 16),
(417, 1, NULL),
(418, 1, 7),
(419, 1, NULL),
(420, 1, 6),
(421, 1, NULL),
(422, 1, NULL),
(423, 1, NULL),
(424, 1, 6),
(425, 1, NULL),
(426, 1, 7),
(427, 1, NULL),
(428, 1, NULL),
(429, 1, 5),
(430, 1, 3),
(431, 1, NULL),
(432, 1, NULL),
(433, 1, 5),
(434, 1, NULL),
(435, 1, 5),
(436, 1, 6),
(437, 1, NULL),
(438, 1, NULL),
(439, 1, NULL),
(440, 1, NULL),
(441, 1, 6),
(442, 1, 5),
(443, 1, NULL),
(444, 1, 5),
(445, 1, NULL),
(446, 1, NULL),
(447, 1, NULL),
(448, 1, NULL),
(449, 1, NULL),
(450, 1, NULL),
(451, 1, 5),
(452, 1, NULL),
(453, 1, 5),
(454, 1, NULL),
(455, 1, NULL),
(456, 1, 3),
(457, 1, 5),
(458, 1, NULL),
(459, 1, NULL),
(460, 1, NULL),
(461, 1, NULL),
(462, 1, NULL),
(463, 1, NULL),
(464, 1, NULL),
(465, 1, 3),
(466, 1, 4),
(467, 1, 6),
(468, 1, NULL),
(469, 1, NULL),
(470, 1, 6),
(471, 1, NULL),
(472, 1, NULL),
(473, 1, NULL),
(474, 1, NULL),
(475, 1, 6),
(476, 1, 5),
(477, 1, NULL),
(478, 1, 5),
(479, 1, NULL),
(480, 1, 6),
(481, 1, NULL),
(482, 1, NULL),
(483, 1, 6),
(484, 1, 4),
(485, 1, 10),
(486, 1, NULL),
(487, 1, 1),
(488, 1, NULL),
(489, 1, NULL),
(490, 1, 3),
(491, 1, NULL),
(492, 1, NULL),
(493, 1, NULL),
(494, 1, 5),
(495, 1, 2),
(496, 1, NULL),
(497, 1, NULL),
(498, 1, NULL),
(499, 1, NULL),
(500, 1, NULL),
(501, 1, 4),
(502, 1, 5),
(503, 1, NULL),
(504, 1, NULL),
(505, 1, NULL),
(506, 1, 2),
(507, 1, NULL),
(508, 1, 4),
(509, 1, NULL),
(510, 1, NULL),
(511, 1, 5),
(512, 1, NULL),
(513, 1, NULL),
(514, 1, NULL),
(515, 1, NULL),
(516, 1, 6),
(517, 1, 5),
(518, 1, 12),
(519, 1, NULL),
(520, 1, NULL),
(521, 1, 1),
(522, 1, NULL),
(523, 1, NULL),
(524, 1, 4),
(525, 1, NULL),
(526, 1, 5),
(527, 1, NULL),
(528, 1, 4),
(529, 1, NULL),
(530, 1, NULL),
(531, 1, NULL),
(532, 1, 5),
(533, 1, NULL),
(534, 1, NULL),
(535, 1, NULL),
(536, 1, NULL),
(537, 1, NULL),
(538, 1, 5),
(539, 1, NULL),
(540, 1, 5),
(541, 1, 2),
(542, 1, NULL),
(543, 1, 2),
(544, 1, NULL),
(545, 1, 4),
(546, 1, NULL),
(547, 1, NULL),
(548, 1, NULL),
(549, 1, NULL),
(550, 1, NULL),
(551, 1, NULL),
(552, 1, 4),
(553, 1, 2),
(554, 1, NULL),
(555, 1, NULL),
(556, 1, 3),
(557, 1, NULL),
(558, 1, NULL),
(559, 1, NULL),
(560, 1, NULL),
(561, 1, NULL),
(562, 1, 4),
(563, 1, NULL),
(564, 1, NULL),
(565, 1, 4),
(566, 1, NULL),
(567, 1, 4),
(568, 1, NULL),
(569, 1, NULL),
(570, 1, 3),
(571, 1, NULL),
(572, 1, NULL),
(573, 1, NULL),
(574, 1, NULL),
(575, 1, NULL),
(576, 1, 4),
(577, 1, NULL),
(578, 1, NULL),
(579, 1, 11),
(580, 1, 5),
(581, 1, 5),
(582, 1, NULL),
(583, 1, NULL),
(584, 1, NULL),
(585, 1, NULL),
(586, 1, 4),
(587, 1, 4),
(588, 1, NULL),
(589, 1, NULL),
(590, 1, NULL),
(591, 1, NULL),
(592, 1, NULL),
(593, 1, 3),
(594, 1, 4),
(595, 1, 4),
(596, 1, 6),
(597, 1, 6),
(598, 1, NULL),
(599, 1, 3),
(600, 1, NULL),
(601, 1, NULL),
(602, 1, NULL),
(603, 1, NULL),
(604, 1, 4),
(605, 1, 1),
(606, 1, NULL),
(607, 1, 5),
(608, 1, NULL),
(609, 1, NULL),
(610, 1, 1),
(611, 1, NULL),
(612, 1, NULL),
(613, 1, 5),
(614, 1, NULL),
(615, 1, 6),
(616, 1, 5),
(617, 1, NULL),
(618, 1, NULL),
(619, 1, 2),
(620, 1, NULL),
(621, 1, 5),
(622, 1, NULL),
(623, 1, NULL),
(624, 1, 9),
(625, 1, NULL),
(626, 1, 5),
(627, 1, NULL),
(628, 1, 5),
(629, 1, 4),
(630, 1, 4),
(631, 1, NULL),
(632, 1, NULL),
(633, 1, NULL),
(634, 1, 5),
(635, 1, 4),
(636, 1, NULL),
(637, 1, NULL),
(638, 1, NULL),
(639, 1, 5),
(640, 1, 6),
(641, 1, 5),
(642, 1, NULL),
(643, 1, NULL),
(644, 1, NULL),
(645, 1, 6),
(646, 1, 12),
(647, 1, NULL),
(648, 1, NULL),
(649, 1, NULL),
(650, 1, 6),
(651, 1, 5),
(652, 1, NULL),
(653, 1, NULL),
(654, 1, 20),
(655, 1, NULL),
(656, 1, NULL),
(657, 1, NULL),
(658, 1, NULL),
(659, 1, 9),
(660, 1, NULL),
(661, 1, NULL),
(662, 1, NULL),
(663, 1, 7),
(664, 1, NULL),
(665, 1, NULL),
(666, 1, 12),
(667, 1, NULL),
(668, 1, NULL),
(669, 1, 7),
(670, 1, NULL),
(671, 1, 7),
(672, 1, NULL),
(673, 1, 5),
(674, 1, NULL),
(675, 1, NULL),
(676, 1, NULL),
(677, 1, 5),
(678, 1, 3),
(679, 1, 6),
(680, 1, NULL),
(681, 1, NULL),
(682, 1, NULL),
(683, 1, NULL),
(684, 1, NULL),
(685, 1, NULL),
(686, 1, NULL),
(687, 1, 5),
(688, 1, 6),
(689, 1, 5),
(690, 1, NULL),
(691, 1, 5),
(692, 1, NULL),
(693, 1, NULL),
(694, 1, NULL),
(695, 1, 6),
(696, 1, NULL),
(697, 1, NULL),
(698, 1, 5),
(699, 1, NULL),
(700, 1, NULL),
(701, 1, 16),
(702, 1, 5),
(703, 1, NULL),
(704, 1, 3),
(705, 1, 5),
(706, 1, NULL),
(707, 1, 13),
(708, 1, 6),
(709, 1, 5),
(710, 1, NULL),
(711, 1, NULL),
(712, 1, NULL),
(713, 1, NULL),
(714, 1, NULL),
(715, 1, 5),
(716, 1, NULL),
(717, 1, NULL),
(718, 1, NULL),
(719, 1, NULL),
(720, 1, NULL),
(721, 1, 5),
(722, 1, NULL),
(723, 1, 16),
(724, 1, NULL),
(725, 1, NULL),
(726, 1, 9),
(727, 1, NULL),
(728, 1, 7),
(729, 1, NULL),
(730, 1, NULL),
(731, 1, NULL),
(732, 1, 7),
(733, 1, 8),
(734, 1, 8),
(735, 1, NULL),
(736, 1, NULL),
(737, 1, NULL),
(738, 1, NULL),
(739, 1, NULL),
(740, 1, NULL),
(741, 1, NULL),
(742, 1, 6),
(743, 1, NULL),
(744, 1, 5),
(745, 1, NULL),
(746, 1, NULL),
(747, 1, NULL),
(748, 1, 5),
(749, 1, NULL),
(750, 1, NULL),
(751, 1, NULL),
(752, 1, 5),
(753, 1, NULL),
(754, 1, 3),
(755, 1, NULL),
(756, 1, NULL),
(757, 1, NULL),
(758, 1, NULL),
(759, 1, NULL),
(760, 1, NULL),
(761, 1, 3),
(762, 1, NULL),
(763, 1, NULL),
(764, 1, 6),
(765, 1, NULL),
(766, 1, NULL),
(767, 1, 5),
(768, 1, NULL),
(769, 1, NULL),
(770, 1, NULL),
(771, 1, 5),
(772, 1, NULL),
(773, 1, NULL),
(774, 1, NULL),
(775, 1, 5),
(776, 1, 5),
(777, 1, NULL),
(778, 1, 5),
(779, 1, NULL),
(780, 1, 3),
(781, 1, 5),
(782, 1, 6),
(783, 1, NULL),
(784, 1, NULL),
(785, 1, NULL),
(786, 1, NULL),
(787, 1, NULL),
(788, 1, NULL),
(789, 1, 5),
(790, 1, 15),
(791, 1, NULL),
(792, 1, 5),
(793, 1, NULL),
(794, 1, 4),
(795, 1, NULL),
(796, 1, 6),
(797, 1, NULL),
(798, 1, 6),
(799, 1, NULL),
(2, 2, NULL),
(3, 2, NULL),
(4, 2, 9),
(5, 2, 7),
(6, 2, 7),
(7, 2, 5),
(8, 2, NULL),
(9, 2, NULL),
(10, 2, NULL),
(11, 2, 5),
(12, 2, 7),
(13, 2, NULL),
(14, 2, NULL),
(15, 2, 5),
(16, 2, 2),
(17, 2, NULL),
(18, 2, 6),
(19, 2, NULL),
(20, 2, NULL),
(21, 2, NULL),
(22, 2, NULL),
(23, 2, NULL),
(24, 2, NULL),
(25, 2, NULL),
(26, 2, 17),
(27, 2, NULL),
(28, 2, 6),
(29, 2, NULL),
(30, 2, NULL),
(31, 2, NULL),
(32, 2, NULL),
(33, 2, NULL),
(34, 2, 5),
(35, 2, NULL),
(36, 2, NULL),
(37, 2, NULL),
(38, 2, NULL),
(39, 2, NULL),
(40, 2, 4),
(41, 2, NULL),
(42, 2, 5),
(43, 2, NULL),
(44, 2, 5),
(45, 2, NULL),
(46, 2, 5),
(47, 2, NULL),
(48, 2, NULL),
(49, 2, NULL),
(50, 2, NULL),
(51, 2, NULL),
(52, 2, NULL),
(53, 2, 4),
(54, 2, 5),
(55, 2, NULL),
(56, 2, 4),
(57, 2, NULL),
(58, 2, 6),
(59, 2, 4),
(60, 2, NULL),
(61, 2, 6),
(62, 2, NULL),
(63, 2, NULL),
(64, 2, NULL),
(65, 2, NULL),
(66, 2, NULL),
(67, 2, 3),
(68, 2, NULL),
(69, 2, 4),
(70, 2, NULL),
(71, 2, 5),
(72, 2, NULL),
(73, 2, NULL),
(74, 2, NULL),
(75, 2, 5),
(76, 2, 4),
(77, 2, NULL),
(78, 2, 5),
(79, 2, NULL),
(80, 2, 11),
(81, 2, 6),
(82, 2, NULL),
(83, 2, NULL),
(84, 2, -1),
(85, 2, NULL),
(86, 2, NULL),
(87, 2, NULL),
(88, 2, NULL),
(89, 2, 6),
(90, 2, 4),
(91, 2, NULL),
(92, 2, NULL),
(93, 2, 6),
(94, 2, 4),
(95, 2, NULL),
(96, 2, 4),
(97, 2, NULL),
(98, 2, NULL),
(99, 2, 5),
(100, 2, NULL),
(101, 2, NULL),
(102, 2, NULL),
(103, 2, 4),
(104, 2, 5),
(105, 2, 20),
(106, 2, NULL),
(107, 2, NULL),
(108, 2, NULL),
(109, 2, NULL),
(110, 2, NULL),
(111, 2, 4),
(112, 2, 6),
(113, 2, 5),
(114, 2, NULL),
(115, 2, NULL),
(116, 2, NULL),
(117, 2, NULL),
(118, 2, NULL),
(119, 2, NULL),
(120, 2, 4),
(121, 2, 17),
(122, 2, NULL),
(123, 2, 5),
(124, 2, NULL),
(125, 2, 3),
(126, 2, NULL),
(127, 2, 15),
(128, 2, NULL),
(129, 2, NULL),
(130, 2, 7),
(131, 2, 6),
(132, 2, NULL),
(133, 2, 8),
(134, 2, 6),
(135, 2, NULL),
(136, 2, 8),
(137, 2, NULL),
(138, 2, NULL),
(139, 2, NULL),
(140, 2, NULL),
(141, 2, 6),
(142, 2, NULL),
(143, 2, NULL),
(144, 2, NULL),
(145, 2, 7),
(146, 2, 6),
(147, 2, NULL),
(148, 2, 4),
(149, 2, 10),
(150, 2, 5),
(151, 2, NULL),
(152, 2, NULL),
(153, 2, 9),
(154, 2, NULL),
(155, 2, NULL),
(156, 2, NULL),
(157, 2, 6),
(158, 2, 8),
(159, 2, NULL),
(160, 2, 8),
(161, 2, NULL),
(162, 2, 20),
(163, 2, NULL),
(164, 2, NULL),
(165, 2, NULL),
(166, 2, 5),
(167, 2, 7),
(168, 2, 6),
(169, 2, NULL),
(170, 2, NULL),
(171, 2, NULL),
(172, 2, NULL),
(173, 2, NULL),
(174, 2, NULL),
(175, 2, 5),
(176, 2, NULL),
(177, 2, NULL),
(178, 2, NULL),
(179, 2, NULL),
(180, 2, 18),
(181, 2, NULL),
(182, 2, 5),
(183, 2, NULL),
(184, 2, NULL),
(185, 2, NULL),
(186, 2, NULL),
(187, 2, 9),
(188, 2, NULL),
(189, 2, NULL),
(190, 2, 5),
(191, 2, 3),
(192, 2, NULL),
(193, 2, NULL),
(194, 2, 6),
(195, 2, 4),
(196, 2, NULL),
(197, 2, NULL),
(198, 2, 5),
(199, 2, NULL),
(200, 2, NULL),
(201, 2, 3),
(202, 2, NULL),
(203, 2, NULL),
(204, 2, 5),
(205, 2, 11),
(206, 2, 5),
(207, 2, NULL),
(208, 2, NULL),
(209, 2, NULL),
(210, 2, NULL),
(211, 2, NULL),
(212, 2, 7),
(213, 2, 5),
(214, 2, NULL),
(215, 2, NULL),
(216, 2, 10),
(217, 2, 6),
(218, 2, NULL),
(219, 2, NULL),
(220, 2, 6),
(221, 2, 3),
(222, 2, 3),
(223, 2, NULL),
(224, 2, NULL),
(225, 2, NULL),
(226, 2, NULL),
(227, 2, NULL),
(228, 2, 2),
(229, 2, 3),
(230, 2, 5),
(231, 2, 5),
(232, 2, NULL),
(233, 2, 5),
(234, 2, NULL),
(235, 2, 5),
(236, 2, 5),
(237, 2, NULL),
(238, 2, NULL),
(239, 2, NULL),
(240, 2, 10),
(241, 2, NULL),
(242, 2, NULL),
(243, 2, NULL),
(244, 2, NULL),
(245, 2, NULL),
(246, 2, 4),
(247, 2, 18),
(248, 2, NULL),
(249, 2, NULL),
(250, 2, NULL),
(251, 2, 5),
(252, 2, 7),
(253, 2, 5),
(254, 2, NULL),
(255, 2, NULL),
(256, 2, 6),
(257, 2, NULL),
(258, 2, NULL),
(259, 2, 6),
(260, 2, NULL),
(261, 2, NULL),
(262, 2, NULL),
(263, 2, NULL),
(264, 2, NULL),
(265, 2, NULL),
(266, 2, NULL),
(267, 2, 5),
(268, 2, NULL),
(269, 2, 5),
(270, 2, NULL),
(271, 2, NULL),
(272, 2, NULL),
(273, 2, NULL),
(274, 2, NULL),
(275, 2, 3),
(276, 2, NULL),
(277, 2, 6),
(278, 2, 5),
(279, 2, 12),
(280, 2, NULL),
(281, 2, 3),
(282, 2, NULL),
(283, 2, NULL),
(284, 2, 5),
(285, 2, NULL),
(286, 2, NULL),
(287, 2, NULL),
(288, 2, NULL),
(289, 2, 5),
(290, 2, -1),
(291, 2, NULL),
(292, 2, NULL),
(293, 2, 5),
(294, 2, NULL),
(295, 2, NULL),
(296, 2, NULL),
(297, 2, NULL),
(298, 2, NULL),
(299, 2, 3),
(300, 2, 5),
(301, 2, 5),
(302, 2, NULL),
(303, 2, NULL),
(304, 2, 4),
(305, 2, NULL),
(306, 2, NULL),
(307, 2, NULL),
(308, 2, 5),
(309, 2, NULL),
(310, 2, 4),
(311, 2, NULL),
(312, 2, 2),
(313, 2, NULL),
(314, 2, NULL),
(315, 2, 3),
(316, 2, NULL),
(317, 2, NULL),
(318, 2, 5),
(319, 2, NULL),
(320, 2, 6),
(321, 2, NULL),
(322, 2, NULL),
(323, 2, 3),
(324, 2, NULL),
(325, 2, NULL),
(326, 2, 6),
(327, 2, NULL),
(328, 2, 4),
(329, 2, NULL),
(330, 2, 10),
(331, 2, 4),
(332, 2, NULL),
(333, 2, NULL),
(334, 2, NULL),
(335, 2, 3),
(336, 2, NULL),
(337, 2, NULL),
(338, 2, NULL),
(339, 2, 11),
(340, 2, 5),
(341, 2, NULL),
(342, 2, 6),
(343, 2, NULL),
(344, 2, NULL),
(345, 2, NULL),
(346, 2, NULL),
(347, 2, NULL),
(348, 2, 3),
(349, 2, NULL),
(350, 2, NULL),
(351, 2, NULL),
(352, 2, 2),
(353, 2, 5),
(354, 2, NULL),
(355, 2, 5),
(356, 2, NULL),
(357, 2, 5),
(358, 2, NULL),
(359, 2, NULL),
(360, 2, NULL),
(361, 2, NULL),
(362, 2, NULL),
(363, 2, 4),
(364, 2, NULL),
(365, 2, 5),
(366, 2, 6),
(367, 2, NULL),
(368, 2, NULL),
(369, 2, NULL),
(370, 2, 5),
(371, 2, 5),
(372, 2, 4),
(373, 2, NULL),
(374, 2, 5),
(375, 2, NULL),
(376, 2, NULL),
(377, 2, 5),
(378, 2, NULL),
(379, 2, NULL),
(380, 2, 6),
(381, 2, NULL),
(382, 2, NULL),
(383, 2, NULL),
(384, 2, 6),
(385, 2, 5),
(386, 2, NULL),
(387, 2, 5),
(388, 2, 6),
(389, 2, NULL),
(390, 2, NULL),
(391, 2, NULL),
(392, 2, NULL),
(393, 2, 4),
(394, 2, NULL),
(395, 2, NULL),
(396, 2, 15),
(397, 2, NULL),
(398, 2, NULL),
(399, 2, 4),
(400, 2, NULL),
(401, 2, NULL),
(402, 2, NULL),
(403, 2, 5),
(404, 2, NULL),
(405, 2, NULL),
(406, 2, NULL),
(407, 2, NULL),
(408, 2, NULL),
(409, 2, NULL),
(410, 2, 17),
(411, 2, NULL),
(412, 2, NULL),
(413, 2, 4),
(414, 2, NULL),
(415, 2, NULL),
(416, 2, 15),
(417, 2, NULL),
(418, 2, NULL),
(419, 2, 6),
(420, 2, NULL),
(421, 2, 5),
(422, 2, NULL),
(423, 2, NULL),
(424, 2, 6),
(425, 2, NULL),
(426, 2, NULL),
(427, 2, 15),
(428, 2, NULL),
(429, 2, 4),
(430, 2, 6),
(431, 2, 5),
(432, 2, NULL),
(433, 2, NULL),
(434, 2, NULL),
(435, 2, 4),
(436, 2, 6),
(437, 2, NULL),
(438, 2, 6),
(439, 2, NULL),
(440, 2, NULL),
(441, 2, NULL),
(442, 2, 3),
(443, 2, NULL),
(444, 2, NULL),
(445, 2, 5),
(446, 2, NULL),
(447, 2, 4),
(448, 2, NULL),
(449, 2, NULL),
(450, 2, NULL),
(451, 2, 15),
(452, 2, NULL),
(453, 2, 3),
(454, 2, NULL),
(455, 2, NULL),
(456, 2, 8),
(457, 2, 5),
(458, 2, NULL),
(459, 2, NULL),
(460, 2, NULL),
(461, 2, NULL),
(462, 2, 5),
(463, 2, NULL),
(464, 2, NULL),
(465, 2, 4),
(466, 2, NULL),
(467, 2, 5),
(468, 2, NULL),
(469, 2, NULL),
(470, 2, 5),
(471, 2, NULL),
(472, 2, NULL),
(473, 2, NULL),
(474, 2, NULL),
(475, 2, 5),
(476, 2, 2),
(477, 2, NULL),
(478, 2, 6),
(479, 2, 5),
(480, 2, NULL),
(481, 2, NULL),
(482, 2, NULL),
(483, 2, 13),
(484, 2, 5),
(485, 2, 2),
(486, 2, NULL),
(487, 2, 5),
(488, 2, NULL),
(489, 2, 5),
(490, 2, 5),
(491, 2, NULL),
(492, 2, NULL),
(493, 2, NULL),
(494, 2, 5),
(495, 2, 3),
(496, 2, 2),
(497, 2, NULL),
(498, 2, NULL),
(499, 2, NULL),
(500, 2, NULL),
(501, 2, NULL),
(502, 2, 5),
(503, 2, NULL),
(504, 2, NULL),
(505, 2, NULL),
(506, 2, 6),
(507, 2, NULL),
(508, 2, 2),
(509, 2, NULL),
(510, 2, NULL),
(511, 2, 2),
(512, 2, NULL),
(513, 2, NULL),
(514, 2, NULL),
(515, 2, NULL),
(516, 2, 5),
(517, 2, 4),
(518, 2, 5),
(519, 2, NULL),
(520, 2, NULL),
(521, 2, 4),
(522, 2, NULL),
(523, 2, NULL),
(524, 2, NULL),
(525, 2, 5),
(526, 2, 5),
(527, 2, NULL),
(528, 2, 5),
(529, 2, NULL),
(530, 2, NULL),
(531, 2, NULL),
(532, 2, 5),
(533, 2, NULL),
(534, 2, 4),
(535, 2, NULL),
(536, 2, NULL),
(537, 2, NULL),
(538, 2, NULL),
(539, 2, NULL),
(540, 2, 3),
(541, 2, 4),
(542, 2, NULL),
(543, 2, 5),
(544, 2, NULL),
(545, 2, NULL),
(546, 2, NULL),
(547, 2, 4),
(548, 2, NULL),
(549, 2, 10),
(550, 2, NULL),
(551, 2, NULL),
(552, 2, 5),
(553, 2, 4),
(554, 2, 4),
(555, 2, NULL),
(556, 2, 5),
(557, 2, NULL),
(558, 2, 2),
(559, 2, NULL),
(560, 2, NULL),
(561, 2, NULL),
(562, 2, 2),
(563, 2, NULL),
(564, 2, NULL),
(565, 2, 4),
(566, 2, NULL),
(567, 2, 3),
(568, 2, NULL),
(569, 2, NULL),
(570, 2, 2),
(571, 2, NULL),
(572, 2, NULL),
(573, 2, NULL),
(574, 2, NULL),
(575, 2, NULL),
(576, 2, NULL),
(577, 2, NULL),
(578, 2, NULL),
(579, 2, NULL),
(580, 2, 4),
(581, 2, NULL),
(582, 2, NULL),
(583, 2, NULL),
(584, 2, NULL),
(585, 2, NULL),
(586, 2, 5),
(587, 2, 6),
(588, 2, NULL),
(589, 2, NULL),
(590, 2, NULL),
(591, 2, 5),
(592, 2, NULL),
(593, 2, 4),
(594, 2, 4),
(595, 2, NULL),
(596, 2, 6),
(597, 2, NULL),
(598, 2, NULL),
(599, 2, 7),
(600, 2, NULL),
(601, 2, NULL),
(602, 2, NULL),
(603, 2, NULL),
(604, 2, 6),
(605, 2, 1),
(606, 2, NULL),
(607, 2, 7),
(608, 2, NULL),
(609, 2, NULL),
(610, 2, 5),
(611, 2, NULL),
(612, 2, 5),
(613, 2, 4),
(614, 2, NULL),
(615, 2, 16),
(616, 2, NULL),
(617, 2, 4),
(618, 2, NULL),
(619, 2, 6),
(620, 2, NULL),
(621, 2, 5),
(622, 2, NULL),
(623, 2, NULL),
(624, 2, NULL),
(625, 2, NULL),
(626, 2, 11),
(627, 2, NULL),
(628, 2, 6),
(629, 2, 5),
(630, 2, 5),
(631, 2, NULL),
(632, 2, NULL),
(633, 2, NULL),
(634, 2, 4),
(635, 2, 5),
(636, 2, NULL),
(637, 2, NULL),
(638, 2, NULL),
(639, 2, 6),
(640, 2, 5),
(641, 2, 5),
(642, 2, NULL),
(643, 2, NULL),
(644, 2, NULL),
(645, 2, 5),
(646, 2, 3),
(647, 2, NULL),
(648, 2, NULL),
(649, 2, NULL),
(650, 2, 12),
(651, 2, 3),
(652, 2, NULL),
(653, 2, NULL),
(654, 2, 6),
(655, 2, NULL),
(656, 2, NULL),
(657, 2, NULL),
(658, 2, NULL),
(659, 2, 9),
(660, 2, NULL),
(661, 2, NULL),
(662, 2, NULL),
(663, 2, 8),
(664, 2, NULL),
(665, 2, NULL),
(666, 2, 8),
(667, 2, NULL),
(668, 2, NULL),
(669, 2, 7),
(670, 2, NULL),
(671, 2, 8),
(672, 2, NULL),
(673, 2, 5),
(674, 2, NULL),
(675, 2, NULL),
(676, 2, NULL),
(677, 2, 6),
(678, 2, 5),
(679, 2, 8),
(680, 2, NULL),
(681, 2, NULL),
(682, 2, NULL),
(683, 2, NULL),
(684, 2, NULL),
(685, 2, NULL),
(686, 2, NULL),
(687, 2, NULL),
(688, 2, 9),
(689, 2, 16),
(690, 2, NULL),
(691, 2, 6),
(692, 2, NULL),
(693, 2, NULL),
(694, 2, NULL),
(695, 2, NULL),
(696, 2, NULL),
(697, 2, NULL),
(698, 2, 5),
(699, 2, NULL),
(700, 2, 5),
(701, 2, 5),
(702, 2, NULL),
(703, 2, NULL),
(704, 2, 6),
(705, 2, 6),
(706, 2, NULL),
(707, 2, 1),
(708, 2, 6),
(709, 2, 4),
(710, 2, NULL),
(711, 2, NULL),
(712, 2, NULL),
(713, 2, NULL),
(714, 2, NULL),
(715, 2, 4),
(716, 2, NULL),
(717, 2, 5),
(718, 2, NULL),
(719, 2, NULL),
(720, 2, 5),
(721, 2, 5),
(722, 2, NULL),
(723, 2, 6),
(724, 2, NULL),
(725, 2, NULL),
(726, 2, 16),
(727, 2, NULL),
(728, 2, 8),
(729, 2, NULL),
(730, 2, NULL),
(731, 2, NULL),
(732, 2, 7),
(733, 2, 8),
(734, 2, 7),
(735, 2, NULL),
(736, 2, 8),
(737, 2, NULL),
(738, 2, NULL),
(739, 2, NULL),
(740, 2, NULL),
(741, 2, NULL),
(742, 2, NULL),
(743, 2, NULL),
(744, 2, NULL),
(745, 2, 6),
(746, 2, 5),
(747, 2, NULL),
(748, 2, 4),
(749, 2, NULL),
(750, 2, NULL),
(751, 2, NULL),
(752, 2, NULL),
(753, 2, NULL),
(754, 2, NULL),
(755, 2, NULL),
(756, 2, NULL),
(757, 2, NULL),
(758, 2, NULL),
(759, 2, NULL),
(760, 2, NULL),
(761, 2, 10),
(762, 2, 11),
(763, 2, 6),
(764, 2, 5),
(765, 2, NULL),
(766, 2, 10),
(767, 2, NULL),
(768, 2, NULL),
(769, 2, 6),
(770, 2, 6),
(771, 2, NULL),
(772, 2, NULL),
(773, 2, NULL),
(774, 2, NULL),
(775, 2, 2),
(776, 2, 3),
(777, 2, NULL),
(778, 2, 5),
(779, 2, NULL),
(780, 2, 14),
(781, 2, 5),
(782, 2, NULL),
(783, 2, NULL),
(784, 2, 4),
(785, 2, NULL),
(786, 2, NULL),
(787, 2, 3),
(788, 2, NULL),
(789, 2, NULL),
(790, 2, 7),
(791, 2, 5),
(792, 2, 5),
(793, 2, NULL),
(794, 2, NULL),
(795, 2, NULL),
(796, 2, 13),
(797, 2, NULL),
(798, 2, 5),
(799, 2, NULL),
(2, 3, NULL),
(3, 3, NULL),
(4, 3, NULL),
(5, 3, NULL),
(6, 3, 12),
(7, 3, NULL),
(8, 3, NULL),
(9, 3, 6),
(10, 3, 6),
(11, 3, 5),
(12, 3, 5),
(13, 3, 4),
(14, 3, NULL),
(15, 3, NULL),
(16, 3, 5),
(17, 3, NULL),
(18, 3, 3),
(19, 3, NULL),
(20, 3, NULL),
(21, 3, 4),
(22, 3, NULL),
(23, 3, 3),
(24, 3, NULL),
(25, 3, 2),
(26, 3, 4),
(27, 3, NULL),
(28, 3, 4),
(29, 3, NULL),
(30, 3, NULL),
(31, 3, NULL),
(32, 3, 4),
(33, 3, NULL),
(34, 3, 8),
(35, 3, NULL),
(36, 3, NULL),
(37, 3, NULL),
(38, 3, 7),
(39, 3, NULL),
(40, 3, 8),
(41, 3, 7),
(42, 3, 8),
(43, 3, NULL),
(44, 3, 7),
(45, 3, NULL),
(46, 3, 5),
(47, 3, NULL),
(48, 3, 6),
(49, 3, 4),
(50, 3, NULL),
(51, 3, NULL),
(52, 3, NULL),
(53, 3, NULL),
(54, 3, NULL),
(55, 3, NULL),
(56, 3, 6),
(57, 3, NULL),
(58, 3, 17),
(59, 3, 6),
(60, 3, NULL),
(61, 3, 6),
(62, 3, 4),
(63, 3, NULL),
(64, 3, NULL),
(65, 3, NULL),
(66, 3, NULL),
(67, 3, NULL),
(68, 3, NULL),
(69, 3, 15),
(70, 3, NULL),
(71, 3, 7),
(72, 3, NULL),
(73, 3, NULL),
(74, 3, NULL),
(75, 3, 8),
(76, 3, 8),
(77, 3, 8),
(78, 3, 4),
(79, 3, 5),
(80, 3, 6),
(81, 3, 7),
(82, 3, NULL),
(83, 3, 6),
(84, 3, NULL),
(85, 3, NULL),
(86, 3, 4),
(87, 3, NULL),
(88, 3, NULL),
(89, 3, 7),
(90, 3, 12),
(91, 3, NULL),
(92, 3, NULL),
(93, 3, 12),
(94, 3, NULL),
(95, 3, NULL),
(96, 3, 9),
(97, 3, NULL),
(98, 3, NULL),
(99, 3, 5),
(100, 3, NULL),
(101, 3, 7),
(102, 3, NULL),
(103, 3, 6),
(104, 3, 6),
(105, 3, 6),
(106, 3, NULL),
(107, 3, 5),
(108, 3, NULL),
(109, 3, NULL),
(110, 3, NULL),
(111, 3, NULL),
(112, 3, 5),
(113, 3, 8),
(114, 3, NULL),
(115, 3, NULL),
(116, 3, NULL),
(117, 3, NULL),
(118, 3, NULL),
(119, 3, NULL),
(120, 3, 7),
(121, 3, 5),
(122, 3, NULL),
(123, 3, NULL),
(124, 3, NULL),
(125, 3, 11),
(126, 3, NULL),
(127, 3, 4),
(128, 3, NULL),
(129, 3, NULL),
(130, 3, 6),
(131, 3, 6),
(132, 3, NULL),
(133, 3, 6),
(134, 3, 6),
(135, 3, NULL),
(136, 3, 6),
(137, 3, NULL),
(138, 3, NULL),
(139, 3, NULL),
(140, 3, NULL),
(141, 3, 12),
(142, 3, NULL),
(143, 3, NULL),
(144, 3, NULL),
(145, 3, 7),
(146, 3, NULL),
(147, 3, NULL),
(148, 3, 13),
(149, 3, 18),
(150, 3, 12),
(151, 3, NULL),
(152, 3, NULL),
(153, 3, NULL),
(154, 3, NULL),
(155, 3, NULL),
(156, 3, 3),
(157, 3, 5),
(158, 3, NULL),
(159, 3, NULL),
(160, 3, 1),
(161, 3, 3),
(162, 3, 5),
(163, 3, 5),
(164, 3, NULL),
(165, 3, NULL),
(166, 3, NULL),
(167, 3, 6),
(168, 3, NULL),
(169, 3, NULL),
(170, 3, NULL),
(171, 3, 6),
(172, 3, NULL),
(173, 3, NULL),
(174, 3, NULL),
(175, 3, NULL),
(176, 3, NULL),
(177, 3, NULL),
(178, 3, -1),
(179, 3, 4),
(180, 3, 3),
(181, 3, NULL),
(182, 3, 4),
(183, 3, NULL),
(184, 3, NULL),
(185, 3, 2),
(186, 3, NULL),
(187, 3, 2),
(188, 3, NULL),
(189, 3, NULL),
(190, 3, NULL),
(191, 3, 5),
(192, 3, NULL),
(193, 3, NULL),
(194, 3, 2),
(195, 3, 4),
(196, 3, 4),
(197, 3, NULL),
(198, 3, 4),
(199, 3, NULL),
(200, 3, NULL),
(201, 3, 4),
(202, 3, NULL),
(203, 3, NULL),
(204, 3, 4),
(205, 3, 3),
(206, 3, 4),
(207, 3, NULL),
(208, 3, NULL),
(209, 3, NULL),
(210, 3, NULL),
(211, 3, NULL),
(212, 3, 4),
(213, 3, 6),
(214, 3, 4),
(215, 3, 4),
(216, 3, 4),
(217, 3, 9),
(218, 3, NULL),
(219, 3, NULL),
(220, 3, 8),
(221, 3, 8),
(222, 3, 8),
(223, 3, NULL),
(224, 3, NULL),
(225, 3, NULL),
(226, 3, 8),
(227, 3, NULL),
(228, 3, 8),
(229, 3, 6),
(230, 3, 18),
(231, 3, 7),
(232, 3, NULL),
(233, 3, NULL),
(234, 3, NULL),
(235, 3, NULL),
(236, 3, 4),
(237, 3, NULL),
(238, 3, NULL),
(239, 3, NULL),
(240, 3, 5),
(241, 3, NULL),
(242, 3, NULL),
(243, 3, NULL),
(244, 3, NULL),
(245, 3, NULL),
(246, 3, 9),
(247, 3, 7),
(248, 3, NULL),
(249, 3, NULL),
(250, 3, NULL),
(251, 3, 6),
(252, 3, NULL),
(253, 3, 8),
(254, 3, 6),
(255, 3, NULL),
(256, 3, 7),
(257, 3, NULL),
(258, 3, 3),
(259, 3, 4),
(260, 3, NULL),
(261, 3, NULL),
(262, 3, NULL),
(263, 3, NULL),
(264, 3, NULL),
(265, 3, NULL),
(266, 3, NULL),
(267, 3, NULL),
(268, 3, NULL),
(269, 3, 6),
(270, 3, NULL),
(271, 3, NULL),
(272, 3, 6),
(273, 3, NULL),
(274, 3, NULL),
(275, 3, NULL),
(276, 3, NULL),
(277, 3, 6),
(278, 3, 6),
(279, 3, 5),
(280, 3, NULL),
(281, 3, 6),
(282, 3, NULL),
(283, 3, NULL),
(284, 3, 5),
(285, 3, NULL),
(286, 3, NULL),
(287, 3, NULL),
(288, 3, NULL),
(289, 3, 5),
(290, 3, NULL),
(291, 3, NULL),
(292, 3, NULL),
(293, 3, 5),
(294, 3, NULL),
(295, 3, NULL),
(296, 3, NULL),
(297, 3, 2),
(298, 3, NULL),
(299, 3, 5),
(300, 3, 4),
(301, 3, 5),
(302, 3, NULL),
(303, 3, NULL),
(304, 3, 4),
(305, 3, NULL),
(306, 3, 5),
(307, 3, NULL),
(308, 3, NULL),
(309, 3, NULL),
(310, 3, 4),
(311, 3, NULL),
(312, 3, 2),
(313, 3, NULL),
(314, 3, NULL),
(315, 3, 2),
(316, 3, NULL),
(317, 3, NULL),
(318, 3, 2),
(319, 3, NULL),
(320, 3, 2),
(321, 3, NULL),
(322, 3, NULL),
(323, 3, 4),
(324, 3, NULL),
(325, 3, NULL),
(326, 3, 4),
(327, 3, NULL),
(328, 3, 15),
(329, 3, NULL),
(330, 3, 3),
(331, 3, 5),
(332, 3, NULL),
(333, 3, NULL),
(334, 3, NULL),
(335, 3, 6),
(336, 3, NULL),
(337, 3, 14),
(338, 3, NULL),
(339, 3, 5),
(340, 3, NULL),
(341, 3, NULL),
(342, 3, 5),
(343, 3, NULL),
(344, 3, NULL),
(345, 3, NULL),
(346, 3, NULL),
(347, 3, 4),
(348, 3, 9),
(349, 3, NULL),
(350, 3, NULL),
(351, 3, NULL),
(352, 3, 6),
(353, 3, 6),
(354, 3, 6),
(355, 3, NULL),
(356, 3, NULL),
(357, 3, 5),
(358, 3, NULL),
(359, 3, NULL),
(360, 3, NULL),
(361, 3, NULL),
(362, 3, NULL),
(363, 3, NULL),
(364, 3, NULL),
(365, 3, NULL),
(366, 3, 3),
(367, 3, NULL),
(368, 3, 5),
(369, 3, 5),
(370, 3, NULL),
(371, 3, 1),
(372, 3, 6),
(373, 3, NULL),
(374, 3, NULL),
(375, 3, NULL),
(376, 3, 6),
(377, 3, 5),
(378, 3, NULL),
(379, 3, NULL),
(380, 3, 2),
(381, 3, NULL),
(382, 3, NULL),
(383, 3, NULL),
(384, 3, 5),
(385, 3, 5),
(386, 3, NULL),
(387, 3, 4),
(388, 3, NULL),
(389, 3, NULL),
(390, 3, NULL),
(391, 3, 4),
(392, 3, NULL),
(393, 3, 12),
(394, 3, NULL),
(395, 3, NULL),
(396, 3, 11),
(397, 3, NULL),
(398, 3, NULL),
(399, 3, 3),
(400, 3, NULL),
(401, 3, NULL),
(402, 3, NULL),
(403, 3, 4),
(404, 3, NULL),
(405, 3, NULL),
(406, 3, 5),
(407, 3, NULL),
(408, 3, NULL),
(409, 3, 6),
(410, 3, 10),
(411, 3, NULL),
(412, 3, NULL),
(413, 3, 6),
(414, 3, NULL),
(415, 3, NULL),
(416, 3, NULL),
(417, 3, 10),
(418, 3, NULL),
(419, 3, 6),
(420, 3, NULL),
(421, 3, 7),
(422, 3, NULL),
(423, 3, NULL),
(424, 3, 6),
(425, 3, NULL),
(426, 3, NULL),
(427, 3, 6),
(428, 3, NULL),
(429, 3, 6),
(430, 3, 5),
(431, 3, NULL),
(432, 3, NULL),
(433, 3, NULL),
(434, 3, NULL),
(435, 3, NULL),
(436, 3, 9),
(437, 3, NULL),
(438, 3, 5),
(439, 3, NULL),
(440, 3, NULL),
(441, 3, NULL),
(442, 3, 5),
(443, 3, NULL),
(444, 3, NULL),
(445, 3, 4),
(446, 3, NULL),
(447, 3, 6),
(448, 3, NULL),
(449, 3, NULL),
(450, 3, NULL),
(451, 3, NULL),
(452, 3, NULL),
(453, 3, 2),
(454, 3, NULL),
(455, 3, NULL),
(456, 3, NULL),
(457, 3, 4),
(458, 3, NULL),
(459, 3, NULL),
(460, 3, NULL),
(461, 3, 3),
(462, 3, 3),
(463, 3, NULL),
(464, 3, NULL),
(465, 3, NULL),
(466, 3, NULL),
(467, 3, 4),
(468, 3, NULL),
(469, 3, NULL),
(470, 3, 4),
(471, 3, 5),
(472, 3, NULL),
(473, 3, NULL),
(474, 3, NULL),
(475, 3, 4),
(476, 3, 5),
(477, 3, NULL),
(478, 3, 4),
(479, 3, 5),
(480, 3, NULL),
(481, 3, NULL),
(482, 3, NULL),
(483, 3, 4),
(484, 3, 5),
(485, 3, 15),
(486, 3, NULL),
(487, 3, NULL),
(488, 3, NULL),
(489, 3, 4),
(490, 3, 4),
(491, 3, NULL),
(492, 3, NULL),
(493, 3, 18),
(494, 3, NULL),
(495, 3, 20),
(496, 3, 5),
(497, 3, NULL),
(498, 3, 4),
(499, 3, 5),
(500, 3, NULL),
(501, 3, NULL),
(502, 3, NULL),
(503, 3, NULL),
(504, 3, NULL),
(505, 3, NULL),
(506, 3, 12),
(507, 3, NULL),
(508, 3, 8),
(509, 3, NULL),
(510, 3, NULL),
(511, 3, 14),
(512, 3, NULL),
(513, 3, NULL),
(514, 3, NULL),
(515, 3, NULL),
(516, 3, 7),
(517, 3, 13),
(518, 3, 6),
(519, 3, NULL),
(520, 3, NULL),
(521, 3, 5),
(522, 3, NULL),
(523, 3, NULL),
(524, 3, NULL),
(525, 3, 6),
(526, 3, 5),
(527, 3, NULL),
(528, 3, 3),
(529, 3, NULL),
(530, 3, NULL),
(531, 3, NULL),
(532, 3, 6),
(533, 3, NULL),
(534, 3, NULL),
(535, 3, NULL),
(536, 3, NULL),
(537, 3, NULL),
(538, 3, 5),
(539, 3, NULL),
(540, 3, 6),
(541, 3, 4),
(542, 3, NULL),
(543, 3, 6),
(544, 3, NULL),
(545, 3, NULL),
(546, 3, NULL),
(547, 3, 4),
(548, 3, NULL),
(549, 3, 4),
(550, 3, NULL),
(551, 3, NULL),
(552, 3, 6),
(553, 3, NULL),
(554, 3, 6),
(555, 3, NULL),
(556, 3, 4),
(557, 3, NULL),
(558, 3, 2),
(559, 3, NULL),
(560, 3, NULL),
(561, 3, 7),
(562, 3, NULL),
(563, 3, NULL),
(564, 3, NULL),
(565, 3, 5),
(566, 3, 5),
(567, 3, 3),
(568, 3, NULL),
(569, 3, NULL),
(570, 3, 4),
(571, 3, NULL),
(572, 3, 4),
(573, 3, NULL),
(574, 3, 5),
(575, 3, NULL),
(576, 3, NULL),
(577, 3, NULL),
(578, 3, NULL),
(579, 3, NULL),
(580, 3, 5),
(581, 3, 4),
(582, 3, NULL),
(583, 3, NULL),
(584, 3, NULL),
(585, 3, NULL),
(586, 3, NULL),
(587, 3, NULL),
(588, 3, NULL),
(589, 3, NULL),
(590, 3, NULL),
(591, 3, 4),
(592, 3, NULL),
(593, 3, 4),
(594, 3, 5),
(595, 3, NULL),
(596, 3, -1),
(597, 3, NULL),
(598, 3, NULL),
(599, 3, NULL),
(600, 3, 19),
(601, 3, NULL),
(602, 3, NULL),
(603, 3, NULL),
(604, 3, 4),
(605, 3, NULL),
(606, 3, NULL),
(607, 3, NULL),
(608, 3, NULL),
(609, 3, NULL),
(610, 3, 7),
(611, 3, NULL),
(612, 3, 6),
(613, 3, 3),
(614, 3, NULL),
(615, 3, NULL),
(616, 3, NULL),
(617, 3, 4),
(618, 3, 5),
(619, 3, 5),
(620, 3, NULL),
(621, 3, 5),
(622, 3, NULL),
(623, 3, NULL),
(624, 3, NULL),
(625, 3, NULL),
(626, 3, 5),
(627, 3, NULL),
(628, 3, 7),
(629, 3, 5),
(630, 3, NULL),
(631, 3, NULL),
(632, 3, NULL),
(633, 3, NULL),
(634, 3, 4),
(635, 3, 3),
(636, 3, NULL),
(637, 3, NULL),
(638, 3, NULL),
(639, 3, 3),
(640, 3, 4),
(641, 3, 4),
(642, 3, NULL),
(643, 3, 5),
(644, 3, NULL),
(645, 3, 4),
(646, 3, 4),
(647, 3, 9),
(648, 3, NULL),
(649, 3, NULL),
(650, 3, 11),
(651, 3, 4),
(652, 3, NULL),
(653, 3, 4),
(654, 3, 4),
(655, 3, NULL),
(656, 3, NULL),
(657, 3, NULL),
(658, 3, NULL),
(659, 3, 4),
(660, 3, NULL),
(661, 3, NULL),
(662, 3, NULL),
(663, 3, 6),
(664, 3, NULL),
(665, 3, NULL),
(666, 3, 17),
(667, 3, NULL),
(668, 3, 6),
(669, 3, 6),
(670, 3, NULL),
(671, 3, NULL),
(672, 3, NULL),
(673, 3, 6),
(674, 3, NULL),
(675, 3, NULL),
(676, 3, 19),
(677, 3, 5),
(678, 3, 6),
(679, 3, NULL),
(680, 3, NULL),
(681, 3, NULL),
(682, 3, NULL),
(683, 3, NULL),
(684, 3, 13),
(685, 3, NULL),
(686, 3, NULL),
(687, 3, NULL),
(688, 3, 12),
(689, 3, NULL),
(690, 3, NULL),
(691, 3, 14),
(692, 3, NULL),
(693, 3, NULL),
(694, 3, NULL),
(695, 3, 8),
(696, 3, NULL),
(697, 3, NULL),
(698, 3, 6),
(699, 3, NULL),
(700, 3, NULL),
(701, 3, 8),
(702, 3, NULL),
(703, 3, 6),
(704, 3, 5),
(705, 3, 6),
(706, 3, NULL),
(707, 3, 6),
(708, 3, 5),
(709, 3, NULL),
(710, 3, NULL),
(711, 3, NULL),
(712, 3, NULL),
(713, 3, NULL),
(714, 3, NULL),
(715, 3, NULL),
(716, 3, NULL),
(717, 3, 5),
(718, 3, NULL),
(719, 3, NULL),
(720, 3, 4),
(721, 3, 4),
(722, 3, NULL),
(723, 3, 6),
(724, 3, NULL),
(725, 3, NULL),
(726, 3, 7),
(727, 3, NULL),
(728, 3, 6),
(729, 3, NULL),
(730, 3, NULL),
(731, 3, 5),
(732, 3, NULL),
(733, 3, 6),
(734, 3, NULL),
(735, 3, NULL),
(736, 3, NULL),
(737, 3, NULL),
(738, 3, 5),
(739, 3, NULL),
(740, 3, NULL),
(741, 3, NULL),
(742, 3, 11),
(743, 3, NULL),
(744, 3, NULL),
(745, 3, NULL),
(746, 3, 4),
(747, 3, NULL),
(748, 3, NULL),
(749, 3, NULL),
(750, 3, NULL),
(751, 3, NULL),
(752, 3, NULL),
(753, 3, NULL),
(754, 3, NULL),
(755, 3, 5),
(756, 3, 5),
(757, 3, NULL),
(758, 3, 5),
(759, 3, NULL),
(760, 3, NULL),
(761, 3, NULL),
(762, 3, NULL),
(763, 3, 5),
(764, 3, NULL),
(765, 3, NULL),
(766, 3, NULL),
(767, 3, 9),
(768, 3, NULL),
(769, 3, NULL),
(770, 3, 6),
(771, 3, 7),
(772, 3, NULL),
(773, 3, NULL),
(774, 3, NULL),
(775, 3, NULL),
(776, 3, 8),
(777, 3, NULL),
(778, 3, 7),
(779, 3, NULL),
(780, 3, 9),
(781, 3, 4),
(782, 3, NULL),
(783, 3, NULL),
(784, 3, NULL),
(785, 3, 11),
(786, 3, NULL),
(787, 3, NULL),
(788, 3, NULL),
(789, 3, NULL),
(790, 3, 6),
(791, 3, NULL),
(792, 3, 5),
(793, 3, 5),
(794, 3, NULL),
(795, 3, NULL),
(796, 3, NULL),
(797, 3, NULL),
(798, 3, NULL),
(799, 3, NULL),
(2, 4, NULL),
(3, 4, NULL),
(4, 4, 14),
(5, 4, NULL),
(6, 4, 19),
(7, 4, NULL),
(8, 4, NULL),
(9, 4, 7),
(10, 4, 7),
(11, 4, 8),
(12, 4, 7),
(13, 4, NULL),
(14, 4, NULL),
(15, 4, 5),
(16, 4, 6),
(17, 4, NULL),
(18, 4, NULL),
(19, 4, NULL),
(20, 4, 3),
(21, 4, NULL),
(22, 4, 5),
(23, 4, NULL),
(24, 4, NULL),
(25, 4, NULL),
(26, 4, 6),
(27, 4, NULL),
(28, 4, NULL),
(29, 4, 6),
(30, 4, NULL),
(31, 4, NULL),
(32, 4, NULL),
(33, 4, NULL),
(34, 4, 4),
(35, 4, NULL),
(36, 4, NULL),
(37, 4, NULL),
(38, 4, 5),
(39, 4, NULL),
(40, 4, 5),
(41, 4, 3),
(42, 4, 6),
(43, 4, NULL),
(44, 4, NULL),
(45, 4, NULL),
(46, 4, 6),
(47, 4, NULL),
(48, 4, NULL),
(49, 4, 6),
(50, 4, NULL),
(51, 4, NULL),
(52, 4, NULL),
(53, 4, NULL),
(54, 4, NULL),
(55, 4, NULL),
(56, 4, 6),
(57, 4, NULL),
(58, 4, 3),
(59, 4, NULL),
(60, 4, NULL),
(61, 4, 4),
(62, 4, 4),
(63, 4, NULL),
(64, 4, NULL),
(65, 4, NULL),
(66, 4, NULL),
(67, 4, NULL),
(68, 4, NULL),
(69, 4, 1),
(70, 4, NULL),
(71, 4, NULL),
(72, 4, NULL),
(73, 4, NULL),
(74, 4, NULL),
(75, 4, 5),
(76, 4, 3),
(77, 4, 6),
(78, 4, 6),
(79, 4, NULL),
(80, 4, 13),
(81, 4, 5),
(82, 4, NULL),
(83, 4, 5),
(84, 4, 5),
(85, 4, NULL),
(86, 4, NULL),
(87, 4, NULL),
(88, 4, 5),
(89, 4, 5),
(90, 4, NULL),
(91, 4, NULL),
(92, 4, NULL),
(93, 4, 8),
(94, 4, NULL),
(95, 4, 5),
(96, 4, 17),
(97, 4, NULL),
(98, 4, NULL),
(99, 4, 8),
(100, 4, NULL),
(101, 4, NULL),
(102, 4, NULL),
(103, 4, 8),
(104, 4, 8),
(105, 4, 8),
(106, 4, NULL),
(107, 4, 6),
(108, 4, NULL),
(109, 4, NULL),
(110, 4, NULL),
(111, 4, NULL),
(112, 4, 5),
(113, 4, 11),
(114, 4, NULL),
(115, 4, NULL),
(116, 4, NULL),
(117, 4, NULL),
(118, 4, NULL),
(119, 4, NULL),
(120, 4, 6),
(121, 4, 11),
(122, 4, NULL),
(123, 4, NULL),
(124, 4, NULL),
(125, 4, 8),
(126, 4, 3),
(127, 4, 8),
(128, 4, NULL),
(129, 4, NULL),
(130, 4, 5),
(131, 4, 3),
(132, 4, NULL),
(133, 4, NULL),
(134, 4, 6),
(135, 4, NULL),
(136, 4, 6),
(137, 4, NULL),
(138, 4, NULL),
(139, 4, NULL),
(140, 4, NULL),
(141, 4, 6),
(142, 4, 5),
(143, 4, NULL),
(144, 4, NULL),
(145, 4, 5),
(146, 4, 5),
(147, 4, NULL),
(148, 4, 4),
(149, 4, 5),
(150, 4, 5),
(151, 4, NULL),
(152, 4, 5),
(153, 4, 3),
(154, 4, NULL),
(155, 4, NULL),
(156, 4, NULL),
(157, 4, 5),
(158, 4, NULL),
(159, 4, NULL),
(160, 4, NULL),
(161, 4, 2),
(162, 4, 3),
(163, 4, 3),
(164, 4, 4),
(165, 4, NULL),
(166, 4, 6),
(167, 4, 4),
(168, 4, 5),
(169, 4, NULL),
(170, 4, 4),
(171, 4, 4),
(172, 4, NULL),
(173, 4, NULL),
(174, 4, NULL),
(175, 4, NULL),
(176, 4, NULL),
(177, 4, NULL),
(178, 4, NULL),
(179, 4, NULL),
(180, 4, NULL),
(181, 4, NULL),
(182, 4, 3),
(183, 4, 2),
(184, 4, NULL),
(185, 4, 9),
(186, 4, NULL),
(187, 4, 9),
(188, 4, NULL),
(189, 4, NULL),
(190, 4, NULL),
(191, 4, 7),
(192, 4, NULL),
(193, 4, NULL),
(194, 4, 7),
(195, 4, 8),
(196, 4, 8),
(197, 4, NULL),
(198, 4, 4),
(199, 4, NULL),
(200, 4, NULL),
(201, 4, NULL),
(202, 4, NULL),
(203, 4, NULL),
(204, 4, 3),
(205, 4, 3),
(206, 4, NULL),
(207, 4, NULL),
(208, 4, NULL),
(209, 4, NULL),
(210, 4, NULL),
(211, 4, NULL),
(212, 4, 5),
(213, 4, 4),
(214, 4, NULL),
(215, 4, NULL),
(216, 4, 4),
(217, 4, 14),
(218, 4, NULL),
(219, 4, NULL),
(220, 4, 8),
(221, 4, 8),
(222, 4, 7),
(223, 4, NULL),
(224, 4, NULL),
(225, 4, NULL),
(226, 4, 6),
(227, 4, NULL),
(228, 4, 7),
(229, 4, 3),
(230, 4, 13),
(231, 4, NULL),
(232, 4, NULL),
(233, 4, NULL),
(234, 4, NULL),
(235, 4, 3),
(236, 4, 5),
(237, 4, NULL),
(238, 4, NULL),
(239, 4, NULL),
(240, 4, 5),
(241, 4, 6),
(242, 4, NULL),
(243, 4, NULL),
(244, 4, NULL),
(245, 4, NULL),
(246, 4, 4),
(247, 4, NULL),
(248, 4, 5),
(249, 4, NULL),
(250, 4, NULL),
(251, 4, 5),
(252, 4, NULL),
(253, 4, NULL),
(254, 4, 5),
(255, 4, NULL),
(256, 4, NULL),
(257, 4, NULL),
(258, 4, 4),
(259, 4, NULL),
(260, 4, 6),
(261, 4, NULL),
(262, 4, NULL),
(263, 4, NULL),
(264, 4, 4),
(265, 4, NULL),
(266, 4, NULL),
(267, 4, NULL),
(268, 4, 4),
(269, 4, 5),
(270, 4, NULL),
(271, 4, NULL),
(272, 4, 5),
(273, 4, 4),
(274, 4, NULL),
(275, 4, 4),
(276, 4, NULL),
(277, 4, NULL),
(278, 4, 5),
(279, 4, 5),
(280, 4, NULL),
(281, 4, 3),
(282, 4, NULL),
(283, 4, NULL),
(284, 4, NULL),
(285, 4, NULL),
(286, 4, 5),
(287, 4, NULL),
(288, 4, NULL),
(289, 4, 6),
(290, 4, 3),
(291, 4, NULL),
(292, 4, NULL),
(293, 4, 4),
(294, 4, NULL),
(295, 4, NULL),
(296, 4, NULL),
(297, 4, 5),
(298, 4, NULL),
(299, 4, 6),
(300, 4, 4),
(301, 4, 5),
(302, 4, NULL),
(303, 4, NULL),
(304, 4, NULL),
(305, 4, NULL),
(306, 4, 4),
(307, 4, 5),
(308, 4, 5),
(309, 4, NULL),
(310, 4, NULL),
(311, 4, 4),
(312, 4, 4),
(313, 4, 4),
(314, 4, NULL),
(315, 4, 8),
(316, 4, NULL),
(317, 4, NULL),
(318, 4, 7),
(319, 4, NULL),
(320, 4, 12),
(321, 4, NULL),
(322, 4, NULL),
(323, 4, 6),
(324, 4, 8),
(325, 4, NULL),
(326, 4, NULL),
(327, 4, NULL),
(328, 4, 3),
(329, 4, NULL),
(330, 4, 4),
(331, 4, 4),
(332, 4, NULL),
(333, 4, NULL),
(334, 4, NULL),
(335, 4, 5),
(336, 4, 4),
(337, 4, 4),
(338, 4, 4),
(339, 4, 5),
(340, 4, NULL),
(341, 4, NULL),
(342, 4, NULL),
(343, 4, NULL),
(344, 4, NULL),
(345, 4, NULL),
(346, 4, NULL),
(347, 4, NULL),
(348, 4, 3),
(349, 4, NULL),
(350, 4, NULL),
(351, 4, 7),
(352, 4, 3),
(353, 4, 3),
(354, 4, 5),
(355, 4, NULL),
(356, 4, NULL),
(357, 4, 6),
(358, 4, NULL),
(359, 4, NULL),
(360, 4, NULL),
(361, 4, NULL),
(362, 4, NULL),
(363, 4, NULL),
(364, 4, 5),
(365, 4, NULL),
(366, 4, 5),
(367, 4, NULL),
(368, 4, 5),
(369, 4, 5),
(370, 4, NULL),
(371, 4, 5),
(372, 4, 5),
(373, 4, NULL),
(374, 4, 5),
(375, 4, NULL),
(376, 4, 4),
(377, 4, 5),
(378, 4, NULL),
(379, 4, NULL),
(380, 4, 4),
(381, 4, NULL),
(382, 4, NULL),
(383, 4, NULL),
(384, 4, 2),
(385, 4, 2),
(386, 4, NULL),
(387, 4, 4),
(388, 4, 3),
(389, 4, NULL),
(390, 4, NULL),
(391, 4, 3),
(392, 4, NULL),
(393, 4, 4),
(394, 4, NULL),
(395, 4, NULL),
(396, 4, 5),
(397, 4, 4),
(398, 4, NULL),
(399, 4, 4),
(400, 4, NULL),
(401, 4, NULL),
(402, 4, NULL),
(403, 4, NULL),
(404, 4, NULL),
(405, 4, NULL),
(406, 4, 6),
(407, 4, NULL),
(408, 4, NULL),
(409, 4, 9),
(410, 4, 5),
(411, 4, NULL),
(412, 4, NULL),
(413, 4, 2),
(414, 4, NULL),
(415, 4, NULL),
(416, 4, NULL),
(417, 4, 9),
(418, 4, 7),
(419, 4, NULL),
(420, 4, 13),
(421, 4, NULL),
(422, 4, NULL),
(423, 4, NULL),
(424, 4, 8),
(425, 4, NULL),
(426, 4, NULL),
(427, 4, 7),
(428, 4, 5),
(429, 4, NULL),
(430, 4, NULL),
(431, 4, 6),
(432, 4, NULL),
(433, 4, NULL),
(434, 4, NULL),
(435, 4, 4),
(436, 4, NULL),
(437, 4, NULL),
(438, 4, 5),
(439, 4, NULL),
(440, 4, NULL),
(441, 4, 4),
(442, 4, 3),
(443, 4, NULL),
(444, 4, 4),
(445, 4, NULL),
(446, 4, NULL),
(447, 4, 5),
(448, 4, NULL),
(449, 4, NULL),
(450, 4, NULL),
(451, 4, 4),
(452, 4, NULL),
(453, 4, 7),
(454, 4, 4),
(455, 4, NULL),
(456, 4, NULL),
(457, 4, 5),
(458, 4, NULL),
(459, 4, NULL),
(460, 4, NULL),
(461, 4, NULL),
(462, 4, 5),
(463, 4, 4),
(464, 4, NULL),
(465, 4, NULL),
(466, 4, NULL),
(467, 4, 3),
(468, 4, NULL),
(469, 4, NULL),
(470, 4, 6),
(471, 4, NULL),
(472, 4, NULL),
(473, 4, NULL),
(474, 4, NULL),
(475, 4, NULL),
(476, 4, 6),
(477, 4, NULL),
(478, 4, NULL),
(479, 4, 5),
(480, 4, 4),
(481, 4, NULL),
(482, 4, NULL),
(483, 4, NULL),
(484, 4, 24),
(485, 4, 5),
(486, 4, NULL),
(487, 4, NULL),
(488, 4, NULL),
(489, 4, 4),
(490, 4, 7),
(491, 4, NULL),
(492, 4, NULL),
(493, 4, 5),
(494, 4, 2),
(495, 4, NULL),
(496, 4, 4),
(497, 4, NULL),
(498, 4, 4),
(499, 4, NULL),
(500, 4, NULL),
(501, 4, NULL),
(502, 4, NULL),
(503, 4, NULL),
(504, 4, NULL),
(505, 4, NULL),
(506, 4, 5),
(507, 4, NULL),
(508, 4, 5),
(509, 4, NULL),
(510, 4, NULL),
(511, 4, 12),
(512, 4, NULL),
(513, 4, NULL),
(514, 4, NULL),
(515, 4, NULL),
(516, 4, 6),
(517, 4, 3),
(518, 4, 3),
(519, 4, NULL),
(520, 4, NULL),
(521, 4, 9),
(522, 4, NULL),
(523, 4, NULL),
(524, 4, NULL),
(525, 4, 3),
(526, 4, 7),
(527, 4, NULL),
(528, 4, NULL),
(529, 4, NULL),
(530, 4, NULL),
(531, 4, NULL),
(532, 4, NULL),
(533, 4, 5),
(534, 4, NULL),
(535, 4, NULL),
(536, 4, NULL),
(537, 4, NULL),
(538, 4, 5),
(539, 4, NULL),
(540, 4, NULL),
(541, 4, 5),
(542, 4, 4),
(543, 4, 4),
(544, 4, NULL),
(545, 4, NULL),
(546, 4, NULL),
(547, 4, NULL),
(548, 4, NULL),
(549, 4, 3),
(550, 4, 3),
(551, 4, NULL),
(552, 4, 4),
(553, 4, NULL),
(554, 4, 4),
(555, 4, NULL),
(556, 4, NULL),
(557, 4, NULL),
(558, 4, NULL),
(559, 4, NULL),
(560, 4, 3),
(561, 4, 5),
(562, 4, NULL),
(563, 4, NULL),
(564, 4, NULL),
(565, 4, NULL),
(566, 4, 4),
(567, 4, NULL),
(568, 4, 4),
(569, 4, NULL),
(570, 4, NULL),
(571, 4, NULL),
(572, 4, 5),
(573, 4, NULL),
(574, 4, 3),
(575, 4, 1),
(576, 4, NULL),
(577, 4, NULL),
(578, 4, NULL),
(579, 4, NULL),
(580, 4, NULL),
(581, 4, 5),
(582, 4, NULL),
(583, 4, NULL),
(584, 4, NULL),
(585, 4, NULL),
(586, 4, NULL),
(587, 4, NULL),
(588, 4, 5),
(589, 4, 4),
(590, 4, NULL),
(591, 4, NULL),
(592, 4, 5),
(593, 4, NULL),
(594, 4, NULL),
(595, 4, 5),
(596, 4, NULL),
(597, 4, NULL),
(598, 4, NULL),
(599, 4, NULL),
(600, 4, 9),
(601, 4, NULL),
(602, 4, NULL),
(603, 4, NULL),
(604, 4, 7),
(605, 4, NULL),
(606, 4, NULL),
(607, 4, NULL),
(608, 4, NULL),
(609, 4, NULL),
(610, 4, 7),
(611, 4, 24),
(612, 4, 5),
(613, 4, 1),
(614, 4, NULL),
(615, 4, NULL),
(616, 4, 14),
(617, 4, 4),
(618, 4, 5),
(619, 4, 6),
(620, 4, NULL),
(621, 4, 4),
(622, 4, NULL),
(623, 4, NULL),
(624, 4, 5),
(625, 4, NULL),
(626, 4, 5),
(627, 4, NULL),
(628, 4, 5),
(629, 4, 4),
(630, 4, NULL),
(631, 4, 9),
(632, 4, NULL),
(633, 4, 7),
(634, 4, 5),
(635, 4, 7),
(636, 4, 7),
(637, 4, 7),
(638, 4, NULL),
(639, 4, 19),
(640, 4, NULL),
(641, 4, 3),
(642, 4, NULL),
(643, 4, NULL),
(644, 4, NULL),
(645, 4, NULL),
(646, 4, NULL),
(647, 4, 5),
(648, 4, NULL),
(649, 4, NULL),
(650, 4, 11),
(651, 4, 6),
(652, 4, 5),
(653, 4, NULL),
(654, 4, 5),
(655, 4, NULL),
(656, 4, NULL),
(657, 4, NULL),
(658, 4, NULL),
(659, 4, 9),
(660, 4, NULL),
(661, 4, NULL),
(662, 4, NULL),
(663, 4, 8),
(664, 4, NULL),
(665, 4, NULL),
(666, 4, 8),
(667, 4, NULL),
(668, 4, 7),
(669, 4, 9),
(670, 4, NULL),
(671, 4, NULL),
(672, 4, NULL),
(673, 4, 6),
(674, 4, NULL),
(675, 4, NULL),
(676, 4, NULL),
(677, 4, 7),
(678, 4, 5),
(679, 4, 13),
(680, 4, NULL),
(681, 4, NULL),
(682, 4, NULL),
(683, 4, 5),
(684, 4, NULL),
(685, 4, NULL),
(686, 4, NULL),
(687, 4, NULL),
(688, 4, 5),
(689, 4, 16),
(690, 4, NULL),
(691, 4, 3),
(692, 4, NULL),
(693, 4, NULL),
(694, 4, NULL),
(695, 4, 6),
(696, 4, NULL),
(697, 4, NULL),
(698, 4, 4),
(699, 4, NULL),
(700, 4, 7),
(701, 4, 5),
(702, 4, NULL),
(703, 4, NULL),
(704, 4, NULL),
(705, 4, 5),
(706, 4, NULL),
(707, 4, 17),
(708, 4, 5),
(709, 4, NULL),
(710, 4, NULL),
(711, 4, NULL),
(712, 4, NULL),
(713, 4, NULL),
(714, 4, NULL),
(715, 4, NULL),
(716, 4, NULL),
(717, 4, 6),
(718, 4, NULL),
(719, 4, NULL),
(720, 4, 5),
(721, 4, 4),
(722, 4, NULL),
(723, 4, 5),
(724, 4, 5),
(725, 4, NULL),
(726, 4, NULL),
(727, 4, NULL),
(728, 4, NULL),
(729, 4, 5),
(730, 4, NULL),
(731, 4, 3),
(732, 4, NULL),
(733, 4, 6),
(734, 4, 6),
(735, 4, 5),
(736, 4, NULL),
(737, 4, NULL),
(738, 4, NULL),
(739, 4, NULL),
(740, 4, 6),
(741, 4, NULL),
(742, 4, NULL),
(743, 4, NULL),
(744, 4, NULL),
(745, 4, 6),
(746, 4, NULL),
(747, 4, NULL),
(748, 4, 5),
(749, 4, NULL),
(750, 4, NULL),
(751, 4, NULL),
(752, 4, NULL),
(753, 4, NULL),
(754, 4, 1),
(755, 4, 5),
(756, 4, NULL),
(757, 4, NULL),
(758, 4, 23),
(759, 4, NULL),
(760, 4, NULL),
(761, 4, 6),
(762, 4, NULL),
(763, 4, NULL),
(764, 4, 7),
(765, 4, NULL),
(766, 4, NULL),
(767, 4, 4),
(768, 4, NULL),
(769, 4, NULL),
(770, 4, 3),
(771, 4, 6),
(772, 4, NULL),
(773, 4, 6),
(774, 4, NULL),
(775, 4, 5),
(776, 4, NULL),
(777, 4, NULL),
(778, 4, 8),
(779, 4, NULL),
(780, 4, 7),
(781, 4, NULL),
(782, 4, NULL),
(783, 4, NULL),
(784, 4, NULL),
(785, 4, 5),
(786, 4, NULL),
(787, 4, 6),
(788, 4, NULL),
(789, 4, 3),
(790, 4, NULL),
(791, 4, 5),
(792, 4, 17),
(793, 4, 4),
(794, 4, NULL),
(795, 4, NULL),
(796, 4, 4),
(797, 4, NULL),
(798, 4, 13),
(799, 4, NULL),
(2, 5, NULL),
(3, 5, NULL),
(4, 5, NULL),
(5, 5, NULL),
(6, 5, 4),
(7, 5, 1),
(8, 5, NULL),
(9, 5, NULL),
(10, 5, NULL),
(11, 5, 4),
(12, 5, 4),
(13, 5, NULL),
(14, 5, NULL),
(15, 5, 7),
(16, 5, 4),
(17, 5, 5),
(18, 5, NULL),
(19, 5, NULL),
(20, 5, NULL),
(21, 5, NULL),
(22, 5, 5),
(23, 5, NULL),
(24, 5, NULL),
(25, 5, NULL),
(26, 5, 4),
(27, 5, NULL),
(28, 5, 3),
(29, 5, 5),
(30, 5, NULL),
(31, 5, NULL),
(32, 5, NULL),
(33, 5, 5),
(34, 5, 5),
(35, 5, NULL),
(36, 5, NULL),
(37, 5, NULL),
(38, 5, NULL),
(39, 5, NULL),
(40, 5, 7),
(41, 5, NULL),
(42, 5, 6),
(43, 5, 5),
(44, 5, 7),
(45, 5, NULL),
(46, 5, NULL),
(47, 5, NULL),
(48, 5, NULL),
(49, 5, 6),
(50, 5, NULL),
(51, 5, NULL),
(52, 5, NULL),
(53, 5, NULL),
(54, 5, NULL),
(55, 5, NULL),
(56, 5, 6),
(57, 5, NULL),
(58, 5, NULL),
(59, 5, NULL),
(60, 5, NULL),
(61, 5, 4),
(62, 5, 5),
(63, 5, NULL),
(64, 5, NULL),
(65, 5, 13),
(66, 5, NULL),
(67, 5, 24),
(68, 5, NULL),
(69, 5, 2),
(70, 5, NULL),
(71, 5, NULL),
(72, 5, NULL),
(73, 5, NULL),
(74, 5, NULL),
(75, 5, 5),
(76, 5, 5),
(77, 5, 5),
(78, 5, 5),
(79, 5, NULL),
(80, 5, 5),
(81, 5, 3),
(82, 5, NULL),
(83, 5, NULL),
(84, 5, 6),
(85, 5, 8),
(86, 5, NULL),
(87, 5, NULL),
(88, 5, 6),
(89, 5, 3),
(90, 5, 12),
(91, 5, NULL),
(92, 5, NULL),
(93, 5, 6),
(94, 5, NULL),
(95, 5, NULL),
(96, 5, 4),
(97, 5, NULL),
(98, 5, NULL),
(99, 5, 5),
(100, 5, NULL),
(101, 5, NULL),
(102, 5, NULL),
(103, 5, 20),
(104, 5, 6),
(105, 5, 5),
(106, 5, NULL),
(107, 5, 6),
(108, 5, NULL),
(109, 5, NULL),
(110, 5, NULL),
(111, 5, NULL),
(112, 5, 3),
(113, 5, 4),
(114, 5, NULL),
(115, 5, NULL),
(116, 5, NULL),
(117, 5, NULL),
(118, 5, NULL),
(119, 5, NULL),
(120, 5, 6),
(121, 5, 7),
(122, 5, NULL),
(123, 5, NULL),
(124, 5, NULL),
(125, 5, 5),
(126, 5, NULL),
(127, 5, 9),
(128, 5, NULL),
(129, 5, NULL),
(130, 5, 7),
(131, 5, 7),
(132, 5, NULL),
(133, 5, 8),
(134, 5, 7),
(135, 5, NULL),
(136, 5, 5),
(137, 5, NULL),
(138, 5, NULL),
(139, 5, NULL),
(140, 5, NULL),
(141, 5, 6),
(142, 5, NULL),
(143, 5, NULL),
(144, 5, NULL),
(145, 5, 11),
(146, 5, 5),
(147, 5, NULL),
(148, 5, 6),
(149, 5, NULL),
(150, 5, 3),
(151, 5, NULL),
(152, 5, 5),
(153, 5, 9),
(154, 5, NULL),
(155, 5, NULL),
(156, 5, NULL),
(157, 5, NULL),
(158, 5, 9),
(159, 5, NULL),
(160, 5, 6),
(161, 5, 7),
(162, 5, NULL),
(163, 5, NULL),
(164, 5, 7),
(165, 5, NULL),
(166, 5, 6),
(167, 5, 7),
(168, 5, 24),
(169, 5, NULL),
(170, 5, 6),
(171, 5, NULL),
(172, 5, NULL),
(173, 5, NULL),
(174, 5, NULL),
(175, 5, NULL),
(176, 5, NULL),
(177, 5, NULL),
(178, 5, NULL),
(179, 5, NULL),
(180, 5, NULL),
(181, 5, NULL),
(182, 5, 3),
(183, 5, 6),
(184, 5, 6),
(185, 5, 1),
(186, 5, NULL),
(187, 5, NULL),
(188, 5, NULL),
(189, 5, NULL),
(190, 5, NULL),
(191, 5, 6),
(192, 5, NULL),
(193, 5, NULL),
(194, 5, 5),
(195, 5, NULL),
(196, 5, 5),
(197, 5, 5),
(198, 5, 4),
(199, 5, NULL),
(200, 5, NULL),
(201, 5, NULL),
(202, 5, 2),
(203, 5, NULL),
(204, 5, 5),
(205, 5, 3),
(206, 5, 17),
(207, 5, NULL),
(208, 5, NULL),
(209, 5, NULL),
(210, 5, NULL),
(211, 5, NULL),
(212, 5, 12),
(213, 5, NULL),
(214, 5, NULL),
(215, 5, NULL),
(216, 5, 3),
(217, 5, 4),
(218, 5, NULL),
(219, 5, NULL),
(220, 5, 3),
(221, 5, 5),
(222, 5, NULL),
(223, 5, NULL),
(224, 5, NULL),
(225, 5, NULL),
(226, 5, 6),
(227, 5, 3),
(228, 5, 6),
(229, 5, 5),
(230, 5, 5),
(231, 5, 3),
(232, 5, NULL),
(233, 5, NULL),
(234, 5, NULL),
(235, 5, NULL),
(236, 5, 6),
(237, 5, NULL),
(238, 5, NULL),
(239, 5, 10),
(240, 5, 5),
(241, 5, 4),
(242, 5, NULL),
(243, 5, NULL),
(244, 5, NULL),
(245, 5, NULL),
(246, 5, NULL),
(247, 5, NULL),
(248, 5, 4),
(249, 5, NULL),
(250, 5, NULL),
(251, 5, NULL),
(252, 5, 5),
(253, 5, NULL),
(254, 5, 15),
(255, 5, 4),
(256, 5, NULL),
(257, 5, 4),
(258, 5, NULL),
(259, 5, NULL),
(260, 5, 4),
(261, 5, NULL),
(262, 5, 4),
(263, 5, 6),
(264, 5, NULL),
(265, 5, 5),
(266, 5, NULL),
(267, 5, NULL),
(268, 5, NULL),
(269, 5, NULL),
(270, 5, 5),
(271, 5, NULL),
(272, 5, NULL),
(273, 5, NULL),
(274, 5, NULL),
(275, 5, 10),
(276, 5, NULL),
(277, 5, NULL),
(278, 5, NULL),
(279, 5, NULL),
(280, 5, 4),
(281, 5, 10),
(282, 5, NULL),
(283, 5, NULL),
(284, 5, NULL),
(285, 5, NULL),
(286, 5, 8),
(287, 5, 7),
(288, 5, NULL),
(289, 5, 8),
(290, 5, 7),
(291, 5, NULL),
(292, 5, NULL),
(293, 5, NULL),
(294, 5, NULL),
(295, 5, NULL),
(296, 5, NULL),
(297, 5, 6),
(298, 5, NULL),
(299, 5, 6),
(300, 5, 4),
(301, 5, 6),
(302, 5, NULL),
(303, 5, NULL),
(304, 5, NULL),
(305, 5, NULL),
(306, 5, 4),
(307, 5, NULL),
(308, 5, 6),
(309, 5, NULL),
(310, 5, NULL),
(311, 5, NULL),
(312, 5, NULL),
(313, 5, 4),
(314, 5, NULL),
(315, 5, 9),
(316, 5, NULL),
(317, 5, NULL),
(318, 5, 19),
(319, 5, NULL),
(320, 5, 5),
(321, 5, NULL),
(322, 5, NULL),
(323, 5, 5),
(324, 5, NULL),
(325, 5, NULL),
(326, 5, 7),
(327, 5, NULL),
(328, 5, 7),
(329, 5, NULL),
(330, 5, 3),
(331, 5, 11),
(332, 5, NULL),
(333, 5, NULL),
(334, 5, NULL),
(335, 5, 6),
(336, 5, NULL),
(337, 5, 5),
(338, 5, NULL),
(339, 5, 5),
(340, 5, NULL),
(341, 5, NULL),
(342, 5, NULL),
(343, 5, NULL),
(344, 5, NULL),
(345, 5, NULL),
(346, 5, NULL),
(347, 5, NULL),
(348, 5, 9),
(349, 5, NULL),
(350, 5, NULL),
(351, 5, NULL),
(352, 5, 7),
(353, 5, 6),
(354, 5, 5),
(355, 5, NULL),
(356, 5, NULL),
(357, 5, 8),
(358, 5, NULL),
(359, 5, NULL),
(360, 5, NULL),
(361, 5, 5),
(362, 5, NULL),
(363, 5, NULL),
(364, 5, NULL),
(365, 5, NULL),
(366, 5, 5),
(367, 5, NULL),
(368, 5, NULL),
(369, 5, NULL),
(370, 5, 5),
(371, 5, 5),
(372, 5, 4),
(373, 5, NULL),
(374, 5, 4),
(375, 5, NULL),
(376, 5, NULL),
(377, 5, 6),
(378, 5, NULL),
(379, 5, NULL),
(380, 5, 10),
(381, 5, NULL),
(382, 5, NULL),
(383, 5, NULL),
(384, 5, 6),
(385, 5, 8),
(386, 5, NULL),
(387, 5, 7),
(388, 5, 6),
(389, 5, NULL),
(390, 5, NULL),
(391, 5, NULL),
(392, 5, NULL),
(393, 5, 5),
(394, 5, NULL),
(395, 5, NULL),
(396, 5, 5),
(397, 5, NULL),
(398, 5, NULL),
(399, 5, NULL),
(400, 5, NULL),
(401, 5, NULL),
(402, 5, NULL),
(403, 5, 5),
(404, 5, NULL),
(405, 5, NULL),
(406, 5, 5),
(407, 5, NULL),
(408, 5, NULL),
(409, 5, 4),
(410, 5, 6),
(411, 5, NULL),
(412, 5, NULL),
(413, 5, 15),
(414, 5, NULL),
(415, 5, NULL),
(416, 5, NULL),
(417, 5, 12),
(418, 5, NULL),
(419, 5, 4),
(420, 5, NULL),
(421, 5, 3),
(422, 5, NULL),
(423, 5, NULL),
(424, 5, 4),
(425, 5, NULL),
(426, 5, NULL),
(427, 5, 4),
(428, 5, NULL),
(429, 5, NULL),
(430, 5, 3),
(431, 5, NULL),
(432, 5, NULL),
(433, 5, NULL),
(434, 5, NULL),
(435, 5, NULL),
(436, 5, 5),
(437, 5, NULL),
(438, 5, 5),
(439, 5, NULL),
(440, 5, NULL),
(441, 5, NULL),
(442, 5, 4),
(443, 5, NULL),
(444, 5, NULL),
(445, 5, 5),
(446, 5, NULL),
(447, 5, 13),
(448, 5, NULL),
(449, 5, NULL),
(450, 5, NULL),
(451, 5, 9),
(452, 5, NULL),
(453, 5, 7),
(454, 5, NULL),
(455, 5, NULL),
(456, 5, NULL),
(457, 5, 4),
(458, 5, NULL),
(459, 5, NULL),
(460, 5, NULL),
(461, 5, NULL),
(462, 5, 7),
(463, 5, 5),
(464, 5, NULL),
(465, 5, NULL),
(466, 5, NULL),
(467, 5, 5),
(468, 5, NULL),
(469, 5, NULL),
(470, 5, NULL),
(471, 5, NULL),
(472, 5, NULL),
(473, 5, NULL),
(474, 5, NULL),
(475, 5, NULL),
(476, 5, 6),
(477, 5, NULL),
(478, 5, 11),
(479, 5, 3),
(480, 5, 1),
(481, 5, NULL),
(482, 5, NULL),
(483, 5, 5),
(484, 5, 15),
(485, 5, 4),
(486, 5, NULL),
(487, 5, NULL),
(488, 5, NULL),
(489, 5, 2),
(490, 5, 4),
(491, 5, NULL),
(492, 5, NULL),
(493, 5, 4),
(494, 5, -1),
(495, 5, 4),
(496, 5, NULL),
(497, 5, NULL),
(498, 5, NULL),
(499, 5, NULL),
(500, 5, NULL),
(501, 5, NULL),
(502, 5, 2),
(503, 5, NULL),
(504, 5, NULL),
(505, 5, NULL),
(506, 5, 2),
(507, 5, NULL),
(508, 5, 5),
(509, 5, NULL),
(510, 5, NULL),
(511, 5, 5),
(512, 5, NULL),
(513, 5, NULL),
(514, 5, NULL),
(515, 5, NULL),
(516, 5, 4),
(517, 5, 4),
(518, 5, NULL),
(519, 5, NULL),
(520, 5, NULL),
(521, 5, 1),
(522, 5, NULL),
(523, 5, NULL),
(524, 5, 7),
(525, 5, NULL),
(526, 5, NULL),
(527, 5, NULL),
(528, 5, NULL),
(529, 5, 3),
(530, 5, NULL),
(531, 5, NULL),
(532, 5, NULL),
(533, 5, 5),
(534, 5, 5),
(535, 5, NULL),
(536, 5, NULL),
(537, 5, NULL),
(538, 5, NULL),
(539, 5, NULL),
(540, 5, 3),
(541, 5, NULL),
(542, 5, 3),
(543, 5, 5),
(544, 5, 3),
(545, 5, NULL),
(546, 5, NULL),
(547, 5, NULL),
(548, 5, NULL),
(549, 5, 5),
(550, 5, 5),
(551, 5, NULL),
(552, 5, 5),
(553, 5, NULL),
(554, 5, 6),
(555, 5, 5),
(556, 5, NULL),
(557, 5, NULL),
(558, 5, NULL),
(559, 5, NULL),
(560, 5, 10),
(561, 5, 6),
(562, 5, NULL),
(563, 5, NULL),
(564, 5, NULL),
(565, 5, NULL),
(566, 5, 8),
(567, 5, 7),
(568, 5, 8),
(569, 5, NULL),
(570, 5, NULL),
(571, 5, NULL),
(572, 5, 12),
(573, 5, NULL),
(574, 5, 6),
(575, 5, NULL),
(576, 5, NULL),
(577, 5, 5),
(578, 5, NULL),
(579, 5, NULL),
(580, 5, NULL),
(581, 5, 11),
(582, 5, NULL),
(583, 5, NULL),
(584, 5, NULL),
(585, 5, NULL),
(586, 5, NULL),
(587, 5, NULL),
(588, 5, 6),
(589, 5, 4),
(590, 5, 4),
(591, 5, NULL),
(592, 5, NULL),
(593, 5, NULL),
(594, 5, NULL),
(595, 5, 4),
(596, 5, NULL),
(597, 5, NULL),
(598, 5, NULL),
(599, 5, NULL),
(600, 5, 10),
(601, 5, NULL),
(602, 5, NULL),
(603, 5, NULL),
(604, 5, NULL),
(605, 5, NULL),
(606, 5, NULL),
(607, 5, 7),
(608, 5, NULL),
(609, 5, 7),
(610, 5, 8),
(611, 5, 19),
(612, 5, 5),
(613, 5, NULL),
(614, 5, NULL),
(615, 5, 5),
(616, 5, NULL),
(617, 5, NULL),
(618, 5, 12),
(619, 5, NULL),
(620, 5, NULL),
(621, 5, 5),
(622, 5, 4),
(623, 5, NULL),
(624, 5, 5),
(625, 5, 4),
(626, 5, 5),
(627, 5, NULL),
(628, 5, NULL),
(629, 5, 4),
(630, 5, NULL),
(631, 5, 3),
(632, 5, NULL),
(633, 5, NULL),
(634, 5, 2),
(635, 5, 4),
(636, 5, 5),
(637, 5, 2),
(638, 5, NULL),
(639, 5, 6),
(640, 5, NULL),
(641, 5, 5),
(642, 5, NULL),
(643, 5, NULL),
(644, 5, NULL),
(645, 5, NULL),
(646, 5, NULL),
(647, 5, 5),
(648, 5, NULL),
(649, 5, NULL),
(650, 5, 5),
(651, 5, 5),
(652, 5, NULL),
(653, 5, 4),
(654, 5, 4),
(655, 5, 5),
(656, 5, NULL),
(657, 5, NULL),
(658, 5, NULL),
(659, 5, 9),
(660, 5, NULL),
(661, 5, NULL),
(662, 5, NULL),
(663, 5, 7),
(664, 5, NULL),
(665, 5, NULL),
(666, 5, 8),
(667, 5, NULL),
(668, 5, 8),
(669, 5, NULL),
(670, 5, 9),
(671, 5, NULL),
(672, 5, NULL),
(673, 5, 6),
(674, 5, NULL),
(675, 5, NULL),
(676, 5, 6),
(677, 5, 5),
(678, 5, 6),
(679, 5, NULL),
(680, 5, NULL),
(681, 5, NULL),
(682, 5, NULL),
(683, 5, 5),
(684, 5, 11),
(685, 5, NULL),
(686, 5, NULL),
(687, 5, NULL),
(688, 5, 4),
(689, 5, NULL),
(690, 5, NULL),
(691, 5, 4),
(692, 5, NULL),
(693, 5, NULL),
(694, 5, NULL),
(695, 5, 4),
(696, 5, NULL),
(697, 5, NULL),
(698, 5, 6),
(699, 5, NULL),
(700, 5, 5),
(701, 5, NULL),
(702, 5, NULL),
(703, 5, 5),
(704, 5, NULL),
(705, 5, 7),
(706, 5, NULL),
(707, 5, 5),
(708, 5, 5),
(709, 5, 3),
(710, 5, NULL),
(711, 5, NULL),
(712, 5, NULL),
(713, 5, 5),
(714, 5, NULL),
(715, 5, NULL),
(716, 5, NULL),
(717, 5, 4),
(718, 5, NULL),
(719, 5, NULL),
(720, 5, 5),
(721, 5, 4),
(722, 5, NULL),
(723, 5, 3);
INSERT INTO `player_round` (`fk_id_player`, `fk_id_round`, `score`) VALUES
(724, 5, 5),
(725, 5, NULL),
(726, 5, NULL),
(727, 5, NULL),
(728, 5, NULL),
(729, 5, 4),
(730, 5, NULL),
(731, 5, NULL),
(732, 5, 4),
(733, 5, NULL),
(734, 5, 5),
(735, 5, NULL),
(736, 5, 4),
(737, 5, NULL),
(738, 5, NULL),
(739, 5, NULL),
(740, 5, 6),
(741, 5, NULL),
(742, 5, NULL),
(743, 5, NULL),
(744, 5, NULL),
(745, 5, NULL),
(746, 5, 5),
(747, 5, NULL),
(748, 5, NULL),
(749, 5, NULL),
(750, 5, NULL),
(751, 5, NULL),
(752, 5, NULL),
(753, 5, NULL),
(754, 5, NULL),
(755, 5, 4),
(756, 5, NULL),
(757, 5, NULL),
(758, 5, NULL),
(759, 5, 4),
(760, 5, NULL),
(761, 5, 6),
(762, 5, 5),
(763, 5, 3),
(764, 5, 6),
(765, 5, 5),
(766, 5, NULL),
(767, 5, NULL),
(768, 5, NULL),
(769, 5, 4),
(770, 5, 4),
(771, 5, 4),
(772, 5, NULL),
(773, 5, 4),
(774, 5, NULL),
(775, 5, NULL),
(776, 5, NULL),
(777, 5, NULL),
(778, 5, 5),
(779, 5, NULL),
(780, 5, 5),
(781, 5, 3),
(782, 5, NULL),
(783, 5, 4),
(784, 5, NULL),
(785, 5, NULL),
(786, 5, NULL),
(787, 5, 5),
(788, 5, NULL),
(789, 5, 1),
(790, 5, 5),
(791, 5, NULL),
(792, 5, 5),
(793, 5, NULL),
(794, 5, NULL),
(795, 5, NULL),
(796, 5, NULL),
(797, 5, 4),
(798, 5, 4),
(799, 5, NULL),
(2, 6, NULL),
(3, 6, NULL),
(4, 6, 14),
(5, 6, NULL),
(6, 6, 7),
(7, 6, NULL),
(8, 6, NULL),
(9, 6, NULL),
(10, 6, NULL),
(11, 6, 7),
(12, 6, 7),
(13, 6, NULL),
(14, 6, 5),
(15, 6, 4),
(16, 6, 3),
(17, 6, 5),
(18, 6, 5),
(19, 6, NULL),
(20, 6, NULL),
(21, 6, NULL),
(22, 6, NULL),
(23, 6, 5),
(24, 6, NULL),
(25, 6, NULL),
(26, 6, 4),
(27, 6, NULL),
(28, 6, NULL),
(29, 6, 3),
(30, 6, NULL),
(31, 6, NULL),
(32, 6, NULL),
(33, 6, NULL),
(34, 6, 9),
(35, 6, NULL),
(36, 6, NULL),
(37, 6, NULL),
(38, 6, NULL),
(39, 6, NULL),
(40, 6, 17),
(41, 6, NULL),
(42, 6, 13),
(43, 6, 5),
(44, 6, 8),
(45, 6, NULL),
(46, 6, 5),
(47, 6, NULL),
(48, 6, NULL),
(49, 6, 3),
(50, 6, NULL),
(51, 6, NULL),
(52, 6, NULL),
(53, 6, 5),
(54, 6, NULL),
(55, 6, NULL),
(56, 6, 5),
(57, 6, NULL),
(58, 6, NULL),
(59, 6, NULL),
(60, 6, NULL),
(61, 6, 5),
(62, 6, 5),
(63, 6, NULL),
(64, 6, NULL),
(65, 6, 6),
(66, 6, NULL),
(67, 6, 5),
(68, 6, NULL),
(69, 6, 9),
(70, 6, NULL),
(71, 6, NULL),
(72, 6, NULL),
(73, 6, NULL),
(74, 6, NULL),
(75, 6, 7),
(76, 6, 8),
(77, 6, 7),
(78, 6, 6),
(79, 6, NULL),
(80, 6, 5),
(81, 6, 5),
(82, 6, NULL),
(83, 6, NULL),
(84, 6, 5),
(85, 6, 4),
(86, 6, NULL),
(87, 6, NULL),
(88, 6, 14),
(89, 6, 6),
(90, 6, 3),
(91, 6, NULL),
(92, 6, NULL),
(93, 6, 4),
(94, 6, NULL),
(95, 6, NULL),
(96, 6, NULL),
(97, 6, NULL),
(98, 6, NULL),
(99, 6, NULL),
(100, 6, 5),
(101, 6, NULL),
(102, 6, 4),
(103, 6, 5),
(104, 6, 5),
(105, 6, NULL),
(106, 6, 5),
(107, 6, NULL),
(108, 6, 6),
(109, 6, NULL),
(110, 6, NULL),
(111, 6, NULL),
(112, 6, NULL),
(113, 6, 6),
(114, 6, NULL),
(115, 6, 4),
(116, 6, NULL),
(117, 6, NULL),
(118, 6, 7),
(119, 6, NULL),
(120, 6, 24),
(121, 6, 11),
(122, 6, NULL),
(123, 6, 6),
(124, 6, NULL),
(125, 6, NULL),
(126, 6, NULL),
(127, 6, 2),
(128, 6, NULL),
(129, 6, NULL),
(130, 6, 1),
(131, 6, 6),
(132, 6, NULL),
(133, 6, 6),
(134, 6, 5),
(135, 6, NULL),
(136, 6, 5),
(137, 6, NULL),
(138, 6, NULL),
(139, 6, 5),
(140, 6, NULL),
(141, 6, 6),
(142, 6, NULL),
(143, 6, NULL),
(144, 6, NULL),
(145, 6, 11),
(146, 6, 12),
(147, 6, NULL),
(148, 6, 5),
(149, 6, NULL),
(150, 6, 6),
(151, 6, NULL),
(152, 6, 6),
(153, 6, 9),
(154, 6, NULL),
(155, 6, NULL),
(156, 6, NULL),
(157, 6, 7),
(158, 6, 5),
(159, 6, NULL),
(160, 6, 8),
(161, 6, 7),
(162, 6, NULL),
(163, 6, NULL),
(164, 6, 5),
(165, 6, NULL),
(166, 6, 5),
(167, 6, 5),
(168, 6, 3),
(169, 6, NULL),
(170, 6, NULL),
(171, 6, NULL),
(172, 6, NULL),
(173, 6, NULL),
(174, 6, NULL),
(175, 6, NULL),
(176, 6, NULL),
(177, 6, NULL),
(178, 6, 5),
(179, 6, 4),
(180, 6, NULL),
(181, 6, NULL),
(182, 6, 5),
(183, 6, 11),
(184, 6, NULL),
(185, 6, 4),
(186, 6, NULL),
(187, 6, 3),
(188, 6, NULL),
(189, 6, NULL),
(190, 6, 2),
(191, 6, 4),
(192, 6, NULL),
(193, 6, NULL),
(194, 6, 5),
(195, 6, NULL),
(196, 6, NULL),
(197, 6, 5),
(198, 6, -1),
(199, 6, NULL),
(200, 6, NULL),
(201, 6, NULL),
(202, 6, NULL),
(203, 6, NULL),
(204, 6, 5),
(205, 6, 3),
(206, 6, 4),
(207, 6, 5),
(208, 6, NULL),
(209, 6, NULL),
(210, 6, NULL),
(211, 6, NULL),
(212, 6, 6),
(213, 6, NULL),
(214, 6, 5),
(215, 6, 3),
(216, 6, 5),
(217, 6, 10),
(218, 6, NULL),
(219, 6, NULL),
(220, 6, 8),
(221, 6, 8),
(222, 6, NULL),
(223, 6, 8),
(224, 6, 8),
(225, 6, NULL),
(226, 6, NULL),
(227, 6, 8),
(228, 6, NULL),
(229, 6, 6),
(230, 6, 5),
(231, 6, 6),
(232, 6, NULL),
(233, 6, NULL),
(234, 6, NULL),
(235, 6, NULL),
(236, 6, 6),
(237, 6, NULL),
(238, 6, NULL),
(239, 6, 6),
(240, 6, NULL),
(241, 6, 17),
(242, 6, NULL),
(243, 6, NULL),
(244, 6, NULL),
(245, 6, 4),
(246, 6, NULL),
(247, 6, NULL),
(248, 6, 6),
(249, 6, NULL),
(250, 6, NULL),
(251, 6, NULL),
(252, 6, 5),
(253, 6, NULL),
(254, 6, NULL),
(255, 6, 4),
(256, 6, NULL),
(257, 6, NULL),
(258, 6, NULL),
(259, 6, 5),
(260, 6, 5),
(261, 6, NULL),
(262, 6, 5),
(263, 6, NULL),
(264, 6, NULL),
(265, 6, NULL),
(266, 6, 5),
(267, 6, NULL),
(268, 6, 5),
(269, 6, NULL),
(270, 6, 5),
(271, 6, NULL),
(272, 6, 5),
(273, 6, 4),
(274, 6, 5),
(275, 6, 5),
(276, 6, NULL),
(277, 6, NULL),
(278, 6, NULL),
(279, 6, NULL),
(280, 6, NULL),
(281, 6, 5),
(282, 6, NULL),
(283, 6, NULL),
(284, 6, 2),
(285, 6, NULL),
(286, 6, 3),
(287, 6, 5),
(288, 6, NULL),
(289, 6, 5),
(290, 6, 5),
(291, 6, NULL),
(292, 6, NULL),
(293, 6, NULL),
(294, 6, NULL),
(295, 6, NULL),
(296, 6, NULL),
(297, 6, 6),
(298, 6, 5),
(299, 6, NULL),
(300, 6, 6),
(301, 6, 5),
(302, 6, NULL),
(303, 6, NULL),
(304, 6, NULL),
(305, 6, 5),
(306, 6, 5),
(307, 6, NULL),
(308, 6, NULL),
(309, 6, NULL),
(310, 6, NULL),
(311, 6, 4),
(312, 6, 4),
(313, 6, NULL),
(314, 6, NULL),
(315, 6, 9),
(316, 6, NULL),
(317, 6, NULL),
(318, 6, 5),
(319, 6, NULL),
(320, 6, 8),
(321, 6, NULL),
(322, 6, NULL),
(323, 6, 6),
(324, 6, NULL),
(325, 6, NULL),
(326, 6, 5),
(327, 6, NULL),
(328, 6, 11),
(329, 6, NULL),
(330, 6, 3),
(331, 6, 5),
(332, 6, NULL),
(333, 6, NULL),
(334, 6, NULL),
(335, 6, NULL),
(336, 6, NULL),
(337, 6, 4),
(338, 6, NULL),
(339, 6, 5),
(340, 6, NULL),
(341, 6, NULL),
(342, 6, NULL),
(343, 6, NULL),
(344, 6, NULL),
(345, 6, NULL),
(346, 6, NULL),
(347, 6, NULL),
(348, 6, NULL),
(349, 6, NULL),
(350, 6, NULL),
(351, 6, NULL),
(352, 6, 2),
(353, 6, 4),
(354, 6, 5),
(355, 6, NULL),
(356, 6, NULL),
(357, 6, 6),
(358, 6, NULL),
(359, 6, 4),
(360, 6, NULL),
(361, 6, 4),
(362, 6, NULL),
(363, 6, NULL),
(364, 6, 6),
(365, 6, NULL),
(366, 6, 5),
(367, 6, NULL),
(368, 6, NULL),
(369, 6, NULL),
(370, 6, 6),
(371, 6, 12),
(372, 6, NULL),
(373, 6, NULL),
(374, 6, NULL),
(375, 6, NULL),
(376, 6, 5),
(377, 6, 5),
(378, 6, NULL),
(379, 6, NULL),
(380, 6, 10),
(381, 6, NULL),
(382, 6, NULL),
(383, 6, NULL),
(384, 6, 8),
(385, 6, 6),
(386, 6, NULL),
(387, 6, 8),
(388, 6, 3),
(389, 6, NULL),
(390, 6, NULL),
(391, 6, 8),
(392, 6, NULL),
(393, 6, 5),
(394, 6, 3),
(395, 6, NULL),
(396, 6, 6),
(397, 6, NULL),
(398, 6, NULL),
(399, 6, NULL),
(400, 6, NULL),
(401, 6, NULL),
(402, 6, NULL),
(403, 6, 3),
(404, 6, NULL),
(405, 6, NULL),
(406, 6, 6),
(407, 6, NULL),
(408, 6, NULL),
(409, 6, 6),
(410, 6, 5),
(411, 6, NULL),
(412, 6, 5),
(413, 6, NULL),
(414, 6, NULL),
(415, 6, NULL),
(416, 6, NULL),
(417, 6, 9),
(418, 6, 13),
(419, 6, NULL),
(420, 6, 8),
(421, 6, NULL),
(422, 6, 6),
(423, 6, NULL),
(424, 6, NULL),
(425, 6, NULL),
(426, 6, 8),
(427, 6, NULL),
(428, 6, 3),
(429, 6, 5),
(430, 6, NULL),
(431, 6, NULL),
(432, 6, NULL),
(433, 6, NULL),
(434, 6, NULL),
(435, 6, 4),
(436, 6, NULL),
(437, 6, NULL),
(438, 6, 13),
(439, 6, NULL),
(440, 6, NULL),
(441, 6, NULL),
(442, 6, NULL),
(443, 6, 6),
(444, 6, 5),
(445, 6, NULL),
(446, 6, NULL),
(447, 6, NULL),
(448, 6, NULL),
(449, 6, NULL),
(450, 6, NULL),
(451, 6, 3),
(452, 6, NULL),
(453, 6, 5),
(454, 6, NULL),
(455, 6, NULL),
(456, 6, 5),
(457, 6, 6),
(458, 6, NULL),
(459, 6, NULL),
(460, 6, 5),
(461, 6, NULL),
(462, 6, 6),
(463, 6, NULL),
(464, 6, NULL),
(465, 6, NULL),
(466, 6, NULL),
(467, 6, 6),
(468, 6, NULL),
(469, 6, NULL),
(470, 6, 5),
(471, 6, 6),
(472, 6, NULL),
(473, 6, NULL),
(474, 6, NULL),
(475, 6, NULL),
(476, 6, 4),
(477, 6, 4),
(478, 6, 6),
(479, 6, NULL),
(480, 6, NULL),
(481, 6, 5),
(482, 6, NULL),
(483, 6, 10),
(484, 6, NULL),
(485, 6, NULL),
(486, 6, NULL),
(487, 6, NULL),
(488, 6, NULL),
(489, 6, 4),
(490, 6, 5),
(491, 6, NULL),
(492, 6, NULL),
(493, 6, NULL),
(494, 6, NULL),
(495, 6, 3),
(496, 6, 4),
(497, 6, NULL),
(498, 6, 2),
(499, 6, 4),
(500, 6, NULL),
(501, 6, NULL),
(502, 6, 3),
(503, 6, NULL),
(504, 6, NULL),
(505, 6, NULL),
(506, 6, NULL),
(507, 6, NULL),
(508, 6, 6),
(509, 6, NULL),
(510, 6, NULL),
(511, 6, 6),
(512, 6, NULL),
(513, 6, NULL),
(514, 6, 5),
(515, 6, NULL),
(516, 6, 6),
(517, 6, 19),
(518, 6, NULL),
(519, 6, NULL),
(520, 6, NULL),
(521, 6, 7),
(522, 6, NULL),
(523, 6, NULL),
(524, 6, 6),
(525, 6, NULL),
(526, 6, 6),
(527, 6, NULL),
(528, 6, NULL),
(529, 6, NULL),
(530, 6, NULL),
(531, 6, NULL),
(532, 6, 6),
(533, 6, 4),
(534, 6, NULL),
(535, 6, NULL),
(536, 6, NULL),
(537, 6, NULL),
(538, 6, NULL),
(539, 6, NULL),
(540, 6, 4),
(541, 6, 4),
(542, 6, 4),
(543, 6, NULL),
(544, 6, NULL),
(545, 6, NULL),
(546, 6, NULL),
(547, 6, 5),
(548, 6, NULL),
(549, 6, 4),
(550, 6, NULL),
(551, 6, NULL),
(552, 6, 5),
(553, 6, NULL),
(554, 6, 2),
(555, 6, NULL),
(556, 6, NULL),
(557, 6, NULL),
(558, 6, NULL),
(559, 6, NULL),
(560, 6, 4),
(561, 6, 4),
(562, 6, NULL),
(563, 6, NULL),
(564, 6, NULL),
(565, 6, NULL),
(566, 6, NULL),
(567, 6, NULL),
(568, 6, 5),
(569, 6, NULL),
(570, 6, NULL),
(571, 6, NULL),
(572, 6, 4),
(573, 6, NULL),
(574, 6, 3),
(575, 6, 5),
(576, 6, NULL),
(577, 6, NULL),
(578, 6, NULL),
(579, 6, NULL),
(580, 6, NULL),
(581, 6, 6),
(582, 6, NULL),
(583, 6, NULL),
(584, 6, NULL),
(585, 6, NULL),
(586, 6, NULL),
(587, 6, 5),
(588, 6, NULL),
(589, 6, 5),
(590, 6, NULL),
(591, 6, NULL),
(592, 6, 5),
(593, 6, 5),
(594, 6, 4),
(595, 6, 4),
(596, 6, NULL),
(597, 6, 6),
(598, 6, NULL),
(599, 6, NULL),
(600, 6, 6),
(601, 6, NULL),
(602, 6, NULL),
(603, 6, NULL),
(604, 6, NULL),
(605, 6, NULL),
(606, 6, NULL),
(607, 6, 7),
(608, 6, NULL),
(609, 6, 5),
(610, 6, 6),
(611, 6, NULL),
(612, 6, 7),
(613, 6, 5),
(614, 6, NULL),
(615, 6, NULL),
(616, 6, 3),
(617, 6, NULL),
(618, 6, 6),
(619, 6, NULL),
(620, 6, 6),
(621, 6, 5),
(622, 6, 16),
(623, 6, 6),
(624, 6, NULL),
(625, 6, NULL),
(626, 6, 10),
(627, 6, NULL),
(628, 6, NULL),
(629, 6, 11),
(630, 6, NULL),
(631, 6, NULL),
(632, 6, 5),
(633, 6, 5),
(634, 6, 5),
(635, 6, NULL),
(636, 6, 5),
(637, 6, NULL),
(638, 6, NULL),
(639, 6, 5),
(640, 6, NULL),
(641, 6, NULL),
(642, 6, NULL),
(643, 6, NULL),
(644, 6, 5),
(645, 6, NULL),
(646, 6, NULL),
(647, 6, 4),
(648, 6, 6),
(649, 6, NULL),
(650, 6, 10),
(651, 6, 3),
(652, 6, NULL),
(653, 6, 5),
(654, 6, NULL),
(655, 6, NULL),
(656, 6, 5),
(657, 6, NULL),
(658, 6, NULL),
(659, 6, 9),
(660, 6, NULL),
(661, 6, 6),
(662, 6, NULL),
(663, 6, NULL),
(664, 6, 8),
(665, 6, NULL),
(666, 6, NULL),
(667, 6, NULL),
(668, 6, NULL),
(669, 6, NULL),
(670, 6, 9),
(671, 6, 7),
(672, 6, 8),
(673, 6, NULL),
(674, 6, 5),
(675, 6, 5),
(676, 6, 4),
(677, 6, NULL),
(678, 6, NULL),
(679, 6, NULL),
(680, 6, NULL),
(681, 6, 5),
(682, 6, NULL),
(683, 6, 5),
(684, 6, 6),
(685, 6, NULL),
(686, 6, NULL),
(687, 6, NULL),
(688, 6, NULL),
(689, 6, NULL),
(690, 6, NULL),
(691, 6, NULL),
(692, 6, 7),
(693, 6, NULL),
(694, 6, NULL),
(695, 6, 6),
(696, 6, NULL),
(697, 6, NULL),
(698, 6, 5),
(699, 6, NULL),
(700, 6, NULL),
(701, 6, 8),
(702, 6, NULL),
(703, 6, NULL),
(704, 6, 5),
(705, 6, 4),
(706, 6, NULL),
(707, 6, 5),
(708, 6, 5),
(709, 6, NULL),
(710, 6, NULL),
(711, 6, NULL),
(712, 6, NULL),
(713, 6, 4),
(714, 6, NULL),
(715, 6, NULL),
(716, 6, NULL),
(717, 6, 5),
(718, 6, NULL),
(719, 6, NULL),
(720, 6, 4),
(721, 6, NULL),
(722, 6, NULL),
(723, 6, 3),
(724, 6, NULL),
(725, 6, NULL),
(726, 6, -1),
(727, 6, NULL),
(728, 6, 3),
(729, 6, NULL),
(730, 6, NULL),
(731, 6, 4),
(732, 6, NULL),
(733, 6, 4),
(734, 6, NULL),
(735, 6, NULL),
(736, 6, NULL),
(737, 6, NULL),
(738, 6, 2),
(739, 6, NULL),
(740, 6, NULL),
(741, 6, NULL),
(742, 6, NULL),
(743, 6, NULL),
(744, 6, 5),
(745, 6, 5),
(746, 6, 5),
(747, 6, NULL),
(748, 6, 5),
(749, 6, NULL),
(750, 6, NULL),
(751, 6, NULL),
(752, 6, NULL),
(753, 6, NULL),
(754, 6, NULL),
(755, 6, 5),
(756, 6, NULL),
(757, 6, NULL),
(758, 6, 10),
(759, 6, 5),
(760, 6, NULL),
(761, 6, NULL),
(762, 6, 6),
(763, 6, 13),
(764, 6, NULL),
(765, 6, 13),
(766, 6, NULL),
(767, 6, NULL),
(768, 6, NULL),
(769, 6, 6),
(770, 6, NULL),
(771, 6, NULL),
(772, 6, NULL),
(773, 6, NULL),
(774, 6, NULL),
(775, 6, 6),
(776, 6, 6),
(777, 6, NULL),
(778, 6, 6),
(779, 6, NULL),
(780, 6, NULL),
(781, 6, NULL),
(782, 6, 4),
(783, 6, NULL),
(784, 6, NULL),
(785, 6, NULL),
(786, 6, NULL),
(787, 6, 2),
(788, 6, NULL),
(789, 6, 4),
(790, 6, NULL),
(791, 6, 4),
(792, 6, 4),
(793, 6, NULL),
(794, 6, NULL),
(795, 6, 4),
(796, 6, 4),
(797, 6, NULL),
(798, 6, 4),
(799, 6, NULL),
(2, 7, NULL),
(3, 7, NULL),
(4, 7, 3),
(5, 7, NULL),
(6, 7, 3),
(7, 7, 3),
(8, 7, NULL),
(9, 7, 5),
(10, 7, NULL),
(11, 7, 6),
(12, 7, 5),
(13, 7, NULL),
(14, 7, NULL),
(15, 7, 6),
(16, 7, 6),
(17, 7, 6),
(18, 7, 5),
(19, 7, NULL),
(20, 7, NULL),
(21, 7, NULL),
(22, 7, NULL),
(23, 7, NULL),
(24, 7, NULL),
(25, 7, NULL),
(26, 7, 5),
(27, 7, 6),
(28, 7, NULL),
(29, 7, NULL),
(30, 7, NULL),
(31, 7, NULL),
(32, 7, NULL),
(33, 7, NULL),
(34, 7, 3),
(35, 7, NULL),
(36, 7, NULL),
(37, 7, NULL),
(38, 7, NULL),
(39, 7, NULL),
(40, 7, 7),
(41, 7, NULL),
(42, 7, 6),
(43, 7, 5),
(44, 7, NULL),
(45, 7, NULL),
(46, 7, NULL),
(47, 7, 6),
(48, 7, NULL),
(49, 7, 6),
(50, 7, NULL),
(51, 7, NULL),
(52, 7, NULL),
(53, 7, 5),
(54, 7, 2),
(55, 7, NULL),
(56, 7, NULL),
(57, 7, NULL),
(58, 7, NULL),
(59, 7, 12),
(60, 7, NULL),
(61, 7, 11),
(62, 7, 6),
(63, 7, NULL),
(64, 7, NULL),
(65, 7, 5),
(66, 7, NULL),
(67, 7, NULL),
(68, 7, NULL),
(69, 7, 5),
(70, 7, NULL),
(71, 7, NULL),
(72, 7, 5),
(73, 7, NULL),
(74, 7, 7),
(75, 7, NULL),
(76, 7, 6),
(77, 7, 5),
(78, 7, 6),
(79, 7, NULL),
(80, 7, 3),
(81, 7, 7),
(82, 7, NULL),
(83, 7, NULL),
(84, 7, 12),
(85, 7, NULL),
(86, 7, NULL),
(87, 7, NULL),
(88, 7, NULL),
(89, 7, 7),
(90, 7, 6),
(91, 7, NULL),
(92, 7, NULL),
(93, 7, 4),
(94, 7, NULL),
(95, 7, NULL),
(96, 7, 3),
(97, 7, NULL),
(98, 7, NULL),
(99, 7, NULL),
(100, 7, NULL),
(101, 7, 5),
(102, 7, 2),
(103, 7, NULL),
(104, 7, 4),
(105, 7, 5),
(106, 7, NULL),
(107, 7, 5),
(108, 7, 2),
(109, 7, NULL),
(110, 7, NULL),
(111, 7, NULL),
(112, 7, NULL),
(113, 7, 6),
(114, 7, NULL),
(115, 7, 4),
(116, 7, NULL),
(117, 7, NULL),
(118, 7, 4),
(119, 7, NULL),
(120, 7, 5),
(121, 7, 5),
(122, 7, NULL),
(123, 7, 4),
(124, 7, NULL),
(125, 7, 5),
(126, 7, NULL),
(127, 7, 9),
(128, 7, NULL),
(129, 7, 6),
(130, 7, NULL),
(131, 7, 8),
(132, 7, 7),
(133, 7, 8),
(134, 7, 8),
(135, 7, NULL),
(136, 7, 9),
(137, 7, NULL),
(138, 7, NULL),
(139, 7, NULL),
(140, 7, NULL),
(141, 7, 19),
(142, 7, NULL),
(143, 7, NULL),
(144, 7, NULL),
(145, 7, 2),
(146, 7, 7),
(147, 7, NULL),
(148, 7, 5),
(149, 7, 6),
(150, 7, 12),
(151, 7, 6),
(152, 7, NULL),
(153, 7, NULL),
(154, 7, NULL),
(155, 7, NULL),
(156, 7, 3),
(157, 7, 3),
(158, 7, NULL),
(159, 7, NULL),
(160, 7, NULL),
(161, 7, 5),
(162, 7, NULL),
(163, 7, 5),
(164, 7, 5),
(165, 7, 5),
(166, 7, NULL),
(167, 7, NULL),
(168, 7, NULL),
(169, 7, NULL),
(170, 7, 12),
(171, 7, 5),
(172, 7, NULL),
(173, 7, NULL),
(174, 7, NULL),
(175, 7, NULL),
(176, 7, NULL),
(177, 7, NULL),
(178, 7, 4),
(179, 7, 3),
(180, 7, NULL),
(181, 7, NULL),
(182, 7, NULL),
(183, 7, NULL),
(184, 7, 6),
(185, 7, NULL),
(186, 7, NULL),
(187, 7, 5),
(188, 7, NULL),
(189, 7, NULL),
(190, 7, NULL),
(191, 7, 5),
(192, 7, NULL),
(193, 7, 3),
(194, 7, 6),
(195, 7, 7),
(196, 7, NULL),
(197, 7, 9),
(198, 7, NULL),
(199, 7, NULL),
(200, 7, 5),
(201, 7, NULL),
(202, 7, NULL),
(203, 7, 5),
(204, 7, 5),
(205, 7, 10),
(206, 7, 5),
(207, 7, 5),
(208, 7, NULL),
(209, 7, NULL),
(210, 7, NULL),
(211, 7, NULL),
(212, 7, 4),
(213, 7, NULL),
(214, 7, 4),
(215, 7, 5),
(216, 7, NULL),
(217, 7, 1),
(218, 7, NULL),
(219, 7, NULL),
(220, 7, 1),
(221, 7, 4),
(222, 7, NULL),
(223, 7, NULL),
(224, 7, NULL),
(225, 7, NULL),
(226, 7, 2),
(227, 7, 5),
(228, 7, 4),
(229, 7, 3),
(230, 7, 2),
(231, 7, 5),
(232, 7, NULL),
(233, 7, NULL),
(234, 7, NULL),
(235, 7, 2),
(236, 7, 4),
(237, 7, NULL),
(238, 7, NULL),
(239, 7, NULL),
(240, 7, 4),
(241, 7, 2),
(242, 7, 5),
(243, 7, NULL),
(244, 7, NULL),
(245, 7, 4),
(246, 7, NULL),
(247, 7, NULL),
(248, 7, 6),
(249, 7, NULL),
(250, 7, NULL),
(251, 7, NULL),
(252, 7, 5),
(253, 7, NULL),
(254, 7, NULL),
(255, 7, 5),
(256, 7, NULL),
(257, 7, NULL),
(258, 7, NULL),
(259, 7, 13),
(260, 7, NULL),
(261, 7, NULL),
(262, 7, 6),
(263, 7, NULL),
(264, 7, NULL),
(265, 7, 6),
(266, 7, 5),
(267, 7, NULL),
(268, 7, NULL),
(269, 7, NULL),
(270, 7, NULL),
(271, 7, NULL),
(272, 7, 18),
(273, 7, NULL),
(274, 7, 6),
(275, 7, 12),
(276, 7, NULL),
(277, 7, NULL),
(278, 7, NULL),
(279, 7, NULL),
(280, 7, NULL),
(281, 7, 4),
(282, 7, NULL),
(283, 7, NULL),
(284, 7, NULL),
(285, 7, NULL),
(286, 7, 5),
(287, 7, NULL),
(288, 7, NULL),
(289, 7, 4),
(290, 7, 3),
(291, 7, 4),
(292, 7, NULL),
(293, 7, NULL),
(294, 7, NULL),
(295, 7, NULL),
(296, 7, NULL),
(297, 7, 6),
(298, 7, NULL),
(299, 7, 6),
(300, 7, 5),
(301, 7, 3),
(302, 7, NULL),
(303, 7, NULL),
(304, 7, NULL),
(305, 7, NULL),
(306, 7, 5),
(307, 7, NULL),
(308, 7, 6),
(309, 7, NULL),
(310, 7, NULL),
(311, 7, 4),
(312, 7, 5),
(313, 7, NULL),
(314, 7, NULL),
(315, 7, 9),
(316, 7, NULL),
(317, 7, NULL),
(318, 7, NULL),
(319, 7, NULL),
(320, 7, 8),
(321, 7, 5),
(322, 7, NULL),
(323, 7, 7),
(324, 7, NULL),
(325, 7, NULL),
(326, 7, 19),
(327, 7, 11),
(328, 7, 6),
(329, 7, NULL),
(330, 7, 6),
(331, 7, 3),
(332, 7, NULL),
(333, 7, NULL),
(334, 7, NULL),
(335, 7, NULL),
(336, 7, 5),
(337, 7, 5),
(338, 7, NULL),
(339, 7, NULL),
(340, 7, NULL),
(341, 7, NULL),
(342, 7, 13),
(343, 7, NULL),
(344, 7, NULL),
(345, 7, NULL),
(346, 7, NULL),
(347, 7, NULL),
(348, 7, NULL),
(349, 7, 5),
(350, 7, NULL),
(351, 7, NULL),
(352, 7, NULL),
(353, 7, 6),
(354, 7, 5),
(355, 7, NULL),
(356, 7, NULL),
(357, 7, 5),
(358, 7, NULL),
(359, 7, NULL),
(360, 7, 5),
(361, 7, 5),
(362, 7, NULL),
(363, 7, NULL),
(364, 7, NULL),
(365, 7, NULL),
(366, 7, 5),
(367, 7, NULL),
(368, 7, NULL),
(369, 7, NULL),
(370, 7, 5),
(371, 7, 4),
(372, 7, NULL),
(373, 7, NULL),
(374, 7, 5),
(375, 7, NULL),
(376, 7, NULL),
(377, 7, 12),
(378, 7, NULL),
(379, 7, NULL),
(380, 7, 4),
(381, 7, NULL),
(382, 7, NULL),
(383, 7, NULL),
(384, 7, 5),
(385, 7, NULL),
(386, 7, NULL),
(387, 7, 3),
(388, 7, NULL),
(389, 7, 2),
(390, 7, NULL),
(391, 7, NULL),
(392, 7, NULL),
(393, 7, 5),
(394, 7, 5),
(395, 7, NULL),
(396, 7, 3),
(397, 7, NULL),
(398, 7, NULL),
(399, 7, 18),
(400, 7, NULL),
(401, 7, NULL),
(402, 7, NULL),
(403, 7, NULL),
(404, 7, NULL),
(405, 7, NULL),
(406, 7, 6),
(407, 7, 6),
(408, 7, NULL),
(409, 7, 6),
(410, 7, 10),
(411, 7, NULL),
(412, 7, 6),
(413, 7, 6),
(414, 7, NULL),
(415, 7, NULL),
(416, 7, 3),
(417, 7, NULL),
(418, 7, 6),
(419, 7, NULL),
(420, 7, 5),
(421, 7, NULL),
(422, 7, NULL),
(423, 7, NULL),
(424, 7, NULL),
(425, 7, NULL),
(426, 7, NULL),
(427, 7, NULL),
(428, 7, NULL),
(429, 7, 4),
(430, 7, NULL),
(431, 7, NULL),
(432, 7, 5),
(433, 7, 3),
(434, 7, NULL),
(435, 7, 6),
(436, 7, NULL),
(437, 7, NULL),
(438, 7, 5),
(439, 7, NULL),
(440, 7, NULL),
(441, 7, NULL),
(442, 7, NULL),
(443, 7, 5),
(444, 7, 12),
(445, 7, NULL),
(446, 7, NULL),
(447, 7, NULL),
(448, 7, NULL),
(449, 7, NULL),
(450, 7, 5),
(451, 7, NULL),
(452, 7, NULL),
(453, 7, NULL),
(454, 7, 7),
(455, 7, 6),
(456, 7, 4),
(457, 7, NULL),
(458, 7, NULL),
(459, 7, NULL),
(460, 7, NULL),
(461, 7, NULL),
(462, 7, NULL),
(463, 7, NULL),
(464, 7, NULL),
(465, 7, 6),
(466, 7, NULL),
(467, 7, NULL),
(468, 7, NULL),
(469, 7, NULL),
(470, 7, NULL),
(471, 7, 15),
(472, 7, NULL),
(473, 7, NULL),
(474, 7, NULL),
(475, 7, 4),
(476, 7, NULL),
(477, 7, 6),
(478, 7, 17),
(479, 7, NULL),
(480, 7, NULL),
(481, 7, 7),
(482, 7, 6),
(483, 7, NULL),
(484, 7, NULL),
(485, 7, NULL),
(486, 7, NULL),
(487, 7, NULL),
(488, 7, NULL),
(489, 7, 9),
(490, 7, 7),
(491, 7, NULL),
(492, 7, NULL),
(493, 7, NULL),
(494, 7, NULL),
(495, 7, 8),
(496, 7, 2),
(497, 7, NULL),
(498, 7, 7),
(499, 7, 12),
(500, 7, NULL),
(501, 7, NULL),
(502, 7, 6),
(503, 7, 4),
(504, 7, NULL),
(505, 7, NULL),
(506, 7, 5),
(507, 7, NULL),
(508, 7, 9),
(509, 7, NULL),
(510, 7, NULL),
(511, 7, 4),
(512, 7, NULL),
(513, 7, NULL),
(514, 7, 2),
(515, 7, NULL),
(516, 7, 5),
(517, 7, 4),
(518, 7, NULL),
(519, 7, NULL),
(520, 7, NULL),
(521, 7, 1),
(522, 7, NULL),
(523, 7, NULL),
(524, 7, 3),
(525, 7, NULL),
(526, 7, NULL),
(527, 7, 4),
(528, 7, NULL),
(529, 7, NULL),
(530, 7, NULL),
(531, 7, NULL),
(532, 7, 3),
(533, 7, 3),
(534, 7, NULL),
(535, 7, NULL),
(536, 7, NULL),
(537, 7, 4),
(538, 7, NULL),
(539, 7, NULL),
(540, 7, 5),
(541, 7, 4),
(542, 7, 2),
(543, 7, NULL),
(544, 7, NULL),
(545, 7, NULL),
(546, 7, NULL),
(547, 7, 4),
(548, 7, NULL),
(549, 7, 4),
(550, 7, 4),
(551, 7, NULL),
(552, 7, 5),
(553, 7, 4),
(554, 7, NULL),
(555, 7, NULL),
(556, 7, NULL),
(557, 7, NULL),
(558, 7, NULL),
(559, 7, NULL),
(560, 7, 3),
(561, 7, 6),
(562, 7, NULL),
(563, 7, NULL),
(564, 7, 6),
(565, 7, NULL),
(566, 7, NULL),
(567, 7, 4),
(568, 7, 4),
(569, 7, NULL),
(570, 7, NULL),
(571, 7, NULL),
(572, 7, 5),
(573, 7, NULL),
(574, 7, 14),
(575, 7, NULL),
(576, 7, NULL),
(577, 7, NULL),
(578, 7, NULL),
(579, 7, NULL),
(580, 7, NULL),
(581, 7, NULL),
(582, 7, NULL),
(583, 7, NULL),
(584, 7, NULL),
(585, 7, NULL),
(586, 7, NULL),
(587, 7, 5),
(588, 7, 5),
(589, 7, 5),
(590, 7, NULL),
(591, 7, 6),
(592, 7, 4),
(593, 7, NULL),
(594, 7, 4),
(595, 7, NULL),
(596, 7, NULL),
(597, 7, NULL),
(598, 7, 5),
(599, 7, NULL),
(600, 7, 5),
(601, 7, NULL),
(602, 7, NULL),
(603, 7, NULL),
(604, 7, 6),
(605, 7, NULL),
(606, 7, NULL),
(607, 7, 5),
(608, 7, NULL),
(609, 7, NULL),
(610, 7, 4),
(611, 7, 4),
(612, 7, 6),
(613, 7, 3),
(614, 7, NULL),
(615, 7, NULL),
(616, 7, 5),
(617, 7, NULL),
(618, 7, NULL),
(619, 7, NULL),
(620, 7, NULL),
(621, 7, 2),
(622, 7, 5),
(623, 7, 5),
(624, 7, 5),
(625, 7, NULL),
(626, 7, 2),
(627, 7, NULL),
(628, 7, NULL),
(629, 7, 9),
(630, 7, NULL),
(631, 7, NULL),
(632, 7, 8),
(633, 7, NULL),
(634, 7, 8),
(635, 7, NULL),
(636, 7, 7),
(637, 7, NULL),
(638, 7, NULL),
(639, 7, 7),
(640, 7, NULL),
(641, 7, NULL),
(642, 7, NULL),
(643, 7, NULL),
(644, 7, 5),
(645, 7, NULL),
(646, 7, NULL),
(647, 7, 4),
(648, 7, 5),
(649, 7, NULL),
(650, 7, 13),
(651, 7, 4),
(652, 7, NULL),
(653, 7, NULL),
(654, 7, NULL),
(655, 7, 20),
(656, 7, 5),
(657, 7, NULL),
(658, 7, NULL),
(659, 7, 5),
(660, 7, NULL),
(661, 7, 3),
(662, 7, NULL),
(663, 7, NULL),
(664, 7, NULL),
(665, 7, NULL),
(666, 7, 3),
(667, 7, NULL),
(668, 7, NULL),
(669, 7, NULL),
(670, 7, 4),
(671, 7, 2),
(672, 7, NULL),
(673, 7, 3),
(674, 7, NULL),
(675, 7, NULL),
(676, 7, NULL),
(677, 7, 4),
(678, 7, 6),
(679, 7, 4),
(680, 7, NULL),
(681, 7, NULL),
(682, 7, NULL),
(683, 7, 4),
(684, 7, 5),
(685, 7, NULL),
(686, 7, NULL),
(687, 7, NULL),
(688, 7, NULL),
(689, 7, 1),
(690, 7, NULL),
(691, 7, NULL),
(692, 7, 7),
(693, 7, NULL),
(694, 7, NULL),
(695, 7, 8),
(696, 7, NULL),
(697, 7, NULL),
(698, 7, 8),
(699, 7, NULL),
(700, 7, NULL),
(701, 7, 6),
(702, 7, NULL),
(703, 7, NULL),
(704, 7, 5),
(705, 7, 4),
(706, 7, NULL),
(707, 7, 5),
(708, 7, 5),
(709, 7, NULL),
(710, 7, NULL),
(711, 7, NULL),
(712, 7, NULL),
(713, 7, NULL),
(714, 7, NULL),
(715, 7, NULL),
(716, 7, NULL),
(717, 7, 4),
(718, 7, NULL),
(719, 7, NULL),
(720, 7, NULL),
(721, 7, 6),
(722, 7, NULL),
(723, 7, 17),
(724, 7, NULL),
(725, 7, NULL),
(726, 7, 1),
(727, 7, NULL),
(728, 7, 1),
(729, 7, NULL),
(730, 7, NULL),
(731, 7, 2),
(732, 7, NULL),
(733, 7, NULL),
(734, 7, NULL),
(735, 7, NULL),
(736, 7, 3),
(737, 7, NULL),
(738, 7, 4),
(739, 7, NULL),
(740, 7, NULL),
(741, 7, NULL),
(742, 7, 4),
(743, 7, NULL),
(744, 7, 4),
(745, 7, 5),
(746, 7, NULL),
(747, 7, NULL),
(748, 7, 3),
(749, 7, NULL),
(750, 7, NULL),
(751, 7, NULL),
(752, 7, NULL),
(753, 7, NULL),
(754, 7, 4),
(755, 7, 4),
(756, 7, 4),
(757, 7, NULL),
(758, 7, 3),
(759, 7, NULL),
(760, 7, NULL),
(761, 7, NULL),
(762, 7, NULL),
(763, 7, 10),
(764, 7, NULL),
(765, 7, NULL),
(766, 7, 3),
(767, 7, NULL),
(768, 7, NULL),
(769, 7, NULL),
(770, 7, 3),
(771, 7, 2),
(772, 7, NULL),
(773, 7, 5),
(774, 7, 4),
(775, 7, NULL),
(776, 7, NULL),
(777, 7, NULL),
(778, 7, NULL),
(779, 7, NULL),
(780, 7, NULL),
(781, 7, 5),
(782, 7, 5),
(783, 7, NULL),
(784, 7, NULL),
(785, 7, 3),
(786, 7, NULL),
(787, 7, 5),
(788, 7, 6),
(789, 7, NULL),
(790, 7, NULL),
(791, 7, 6),
(792, 7, 15),
(793, 7, 3),
(794, 7, NULL),
(795, 7, NULL),
(796, 7, 5),
(797, 7, NULL),
(798, 7, 16),
(799, 7, NULL),
(2, 8, NULL),
(3, 8, NULL),
(4, 8, 9),
(5, 8, NULL),
(6, 8, 7),
(7, 8, 7),
(8, 8, NULL),
(9, 8, NULL),
(10, 8, 7),
(11, 8, 8),
(12, 8, 8),
(13, 8, NULL),
(14, 8, NULL),
(15, 8, 5),
(16, 8, 11),
(17, 8, 5),
(18, 8, NULL),
(19, 8, NULL),
(20, 8, NULL),
(21, 8, NULL),
(22, 8, 3),
(23, 8, NULL),
(24, 8, NULL),
(25, 8, NULL),
(26, 8, 12),
(27, 8, NULL),
(28, 8, 5),
(29, 8, NULL),
(30, 8, NULL),
(31, 8, NULL),
(32, 8, NULL),
(33, 8, NULL),
(34, 8, 7),
(35, 8, NULL),
(36, 8, NULL),
(37, 8, NULL),
(38, 8, NULL),
(39, 8, NULL),
(40, 8, 6),
(41, 8, NULL),
(42, 8, 9),
(43, 8, 8),
(44, 8, NULL),
(45, 8, NULL),
(46, 8, NULL),
(47, 8, 3),
(48, 8, NULL),
(49, 8, 3),
(50, 8, NULL),
(51, 8, NULL),
(52, 8, NULL),
(53, 8, 4),
(54, 8, NULL),
(55, 8, NULL),
(56, 8, 3),
(57, 8, NULL),
(58, 8, NULL),
(59, 8, NULL),
(60, 8, NULL),
(61, 8, 17),
(62, 8, 5),
(63, 8, NULL),
(64, 8, NULL),
(65, 8, 6),
(66, 8, NULL),
(67, 8, NULL),
(68, 8, NULL),
(69, 8, 4),
(70, 8, NULL),
(71, 8, NULL),
(72, 8, 8),
(73, 8, NULL),
(74, 8, 6),
(75, 8, NULL),
(76, 8, 4),
(77, 8, 4),
(78, 8, 5),
(79, 8, NULL),
(80, 8, 6),
(81, 8, 5),
(82, 8, 5),
(83, 8, NULL),
(84, 8, 3),
(85, 8, NULL),
(86, 8, 5),
(87, 8, NULL),
(88, 8, 4),
(89, 8, 6),
(90, 8, 3),
(91, 8, NULL),
(92, 8, NULL),
(93, 8, 6),
(94, 8, NULL),
(95, 8, NULL),
(96, 8, 5),
(97, 8, NULL),
(98, 8, NULL),
(99, 8, 5),
(100, 8, NULL),
(101, 8, NULL),
(102, 8, 4),
(103, 8, NULL),
(104, 8, 5),
(105, 8, 5),
(106, 8, NULL),
(107, 8, 5),
(108, 8, 3),
(109, 8, NULL),
(110, 8, NULL),
(111, 8, 3),
(112, 8, 6),
(113, 8, 5),
(114, 8, NULL),
(115, 8, NULL),
(116, 8, NULL),
(117, 8, NULL),
(118, 8, NULL),
(119, 8, NULL),
(120, 8, 4),
(121, 8, 6),
(122, 8, NULL),
(123, 8, NULL),
(124, 8, NULL),
(125, 8, 12),
(126, 8, NULL),
(127, 8, 11),
(128, 8, NULL),
(129, 8, NULL),
(130, 8, 3),
(131, 8, 5),
(132, 8, NULL),
(133, 8, 5),
(134, 8, 2),
(135, 8, NULL),
(136, 8, 2),
(137, 8, NULL),
(138, 8, NULL),
(139, 8, NULL),
(140, 8, 14),
(141, 8, 5),
(142, 8, NULL),
(143, 8, NULL),
(144, 8, NULL),
(145, 8, NULL),
(146, 8, 5),
(147, 8, NULL),
(148, 8, 5),
(149, 8, 4),
(150, 8, 10),
(151, 8, NULL),
(152, 8, 6),
(153, 8, NULL),
(154, 8, NULL),
(155, 8, NULL),
(156, 8, 10),
(157, 8, 6),
(158, 8, NULL),
(159, 8, NULL),
(160, 8, NULL),
(161, 8, NULL),
(162, 8, NULL),
(163, 8, 5),
(164, 8, 6),
(165, 8, 5),
(166, 8, NULL),
(167, 8, NULL),
(168, 8, 23),
(169, 8, NULL),
(170, 8, 5),
(171, 8, NULL),
(172, 8, NULL),
(173, 8, NULL),
(174, 8, NULL),
(175, 8, NULL),
(176, 8, 6),
(177, 8, NULL),
(178, 8, 6),
(179, 8, 12),
(180, 8, NULL),
(181, 8, NULL),
(182, 8, 4),
(183, 8, 5),
(184, 8, 5),
(185, 8, NULL),
(186, 8, NULL),
(187, 8, 3),
(188, 8, NULL),
(189, 8, NULL),
(190, 8, NULL),
(191, 8, 4),
(192, 8, 5),
(193, 8, 3),
(194, 8, 5),
(195, 8, 6),
(196, 8, NULL),
(197, 8, NULL),
(198, 8, 6),
(199, 8, NULL),
(200, 8, NULL),
(201, 8, NULL),
(202, 8, NULL),
(203, 8, NULL),
(204, 8, NULL),
(205, 8, 6),
(206, 8, 5),
(207, 8, 6),
(208, 8, NULL),
(209, 8, NULL),
(210, 8, NULL),
(211, 8, NULL),
(212, 8, 4),
(213, 8, NULL),
(214, 8, 5),
(215, 8, 6),
(216, 8, 5),
(217, 8, 3),
(218, 8, NULL),
(219, 8, NULL),
(220, 8, 5),
(221, 8, 5),
(222, 8, 4),
(223, 8, NULL),
(224, 8, NULL),
(225, 8, NULL),
(226, 8, 4),
(227, 8, NULL),
(228, 8, 6),
(229, 8, 6),
(230, 8, 6),
(231, 8, NULL),
(232, 8, NULL),
(233, 8, NULL),
(234, 8, NULL),
(235, 8, 5),
(236, 8, 4),
(237, 8, NULL),
(238, 8, NULL),
(239, 8, NULL),
(240, 8, 11),
(241, 8, 15),
(242, 8, NULL),
(243, 8, NULL),
(244, 8, NULL),
(245, 8, 4),
(246, 8, NULL),
(247, 8, NULL),
(248, 8, 4),
(249, 8, NULL),
(250, 8, NULL),
(251, 8, NULL),
(252, 8, 6),
(253, 8, 5),
(254, 8, 5),
(255, 8, NULL),
(256, 8, NULL),
(257, 8, NULL),
(258, 8, NULL),
(259, 8, 6),
(260, 8, NULL),
(261, 8, NULL),
(262, 8, 4),
(263, 8, NULL),
(264, 8, 5),
(265, 8, NULL),
(266, 8, 4),
(267, 8, NULL),
(268, 8, NULL),
(269, 8, 3),
(270, 8, NULL),
(271, 8, NULL),
(272, 8, 11),
(273, 8, NULL),
(274, 8, 4),
(275, 8, 13),
(276, 8, NULL),
(277, 8, 5),
(278, 8, NULL),
(279, 8, NULL),
(280, 8, NULL),
(281, 8, 6),
(282, 8, NULL),
(283, 8, NULL),
(284, 8, NULL),
(285, 8, NULL),
(286, 8, 5),
(287, 8, 6),
(288, 8, NULL),
(289, 8, 5),
(290, 8, 5),
(291, 8, NULL),
(292, 8, NULL),
(293, 8, NULL),
(294, 8, NULL),
(295, 8, NULL),
(296, 8, NULL),
(297, 8, 6),
(298, 8, 3),
(299, 8, 11),
(300, 8, 5),
(301, 8, NULL),
(302, 8, NULL),
(303, 8, NULL),
(304, 8, NULL),
(305, 8, NULL),
(306, 8, 6),
(307, 8, NULL),
(308, 8, 5),
(309, 8, NULL),
(310, 8, NULL),
(311, 8, NULL),
(312, 8, 10),
(313, 8, NULL),
(314, 8, NULL),
(315, 8, 1),
(316, 8, NULL),
(317, 8, NULL),
(318, 8, NULL),
(319, 8, NULL),
(320, 8, NULL),
(321, 8, 5),
(322, 8, NULL),
(323, 8, 5),
(324, 8, 5),
(325, 8, NULL),
(326, 8, -1),
(327, 8, 7),
(328, 8, 4),
(329, 8, NULL),
(330, 8, 14),
(331, 8, 3),
(332, 8, NULL),
(333, 8, NULL),
(334, 8, NULL),
(335, 8, 5),
(336, 8, NULL),
(337, 8, 3),
(338, 8, NULL),
(339, 8, NULL),
(340, 8, NULL),
(341, 8, NULL),
(342, 8, 5),
(343, 8, NULL),
(344, 8, NULL),
(345, 8, NULL),
(346, 8, NULL),
(347, 8, NULL),
(348, 8, NULL),
(349, 8, 2),
(350, 8, NULL),
(351, 8, 4),
(352, 8, 4),
(353, 8, -1),
(354, 8, 4),
(355, 8, NULL),
(356, 8, NULL),
(357, 8, 2),
(358, 8, NULL),
(359, 8, NULL),
(360, 8, 5),
(361, 8, 5),
(362, 8, NULL),
(363, 8, NULL),
(364, 8, NULL),
(365, 8, NULL),
(366, 8, 2),
(367, 8, NULL),
(368, 8, NULL),
(369, 8, NULL),
(370, 8, 5),
(371, 8, NULL),
(372, 8, 5),
(373, 8, 4),
(374, 8, 4),
(375, 8, NULL),
(376, 8, NULL),
(377, 8, 4),
(378, 8, NULL),
(379, 8, NULL),
(380, 8, 1),
(381, 8, NULL),
(382, 8, NULL),
(383, 8, NULL),
(384, 8, 2),
(385, 8, 5),
(386, 8, NULL),
(387, 8, 4),
(388, 8, 6),
(389, 8, NULL),
(390, 8, NULL),
(391, 8, NULL),
(392, 8, NULL),
(393, 8, NULL),
(394, 8, 6),
(395, 8, NULL),
(396, 8, 6),
(397, 8, NULL),
(398, 8, NULL),
(399, 8, 5),
(400, 8, NULL),
(401, 8, NULL),
(402, 8, NULL),
(403, 8, NULL),
(404, 8, NULL),
(405, 8, NULL),
(406, 8, 5),
(407, 8, 5),
(408, 8, NULL),
(409, 8, 4),
(410, 8, 6),
(411, 8, NULL),
(412, 8, 5),
(413, 8, 4),
(414, 8, NULL),
(415, 8, NULL),
(416, 8, 2),
(417, 8, NULL),
(418, 8, NULL),
(419, 8, 6),
(420, 8, NULL),
(421, 8, 5),
(422, 8, NULL),
(423, 8, NULL),
(424, 8, 5),
(425, 8, NULL),
(426, 8, NULL),
(427, 8, 5),
(428, 8, 5),
(429, 8, NULL),
(430, 8, 3),
(431, 8, NULL),
(432, 8, NULL),
(433, 8, NULL),
(434, 8, NULL),
(435, 8, NULL),
(436, 8, NULL),
(437, 8, NULL),
(438, 8, 5),
(439, 8, NULL),
(440, 8, NULL),
(441, 8, NULL),
(442, 8, NULL),
(443, 8, 6),
(444, 8, 5),
(445, 8, 10),
(446, 8, NULL),
(447, 8, 6),
(448, 8, NULL),
(449, 8, NULL),
(450, 8, 5),
(451, 8, NULL),
(452, 8, NULL),
(453, 8, NULL),
(454, 8, NULL),
(455, 8, 3),
(456, 8, NULL),
(457, 8, NULL),
(458, 8, NULL),
(459, 8, NULL),
(460, 8, 4),
(461, 8, NULL),
(462, 8, NULL),
(463, 8, 5),
(464, 8, NULL),
(465, 8, 13),
(466, 8, 6),
(467, 8, NULL),
(468, 8, NULL),
(469, 8, NULL),
(470, 8, NULL),
(471, 8, 5),
(472, 8, 6),
(473, 8, NULL),
(474, 8, NULL),
(475, 8, 2),
(476, 8, NULL),
(477, 8, 5),
(478, 8, 4),
(479, 8, NULL),
(480, 8, 6),
(481, 8, NULL),
(482, 8, NULL),
(483, 8, 6),
(484, 8, NULL),
(485, 8, NULL),
(486, 8, NULL),
(487, 8, NULL),
(488, 8, NULL),
(489, 8, 9),
(490, 8, 9),
(491, 8, NULL),
(492, 8, NULL),
(493, 8, 8),
(494, 8, NULL),
(495, 8, 8),
(496, 8, NULL),
(497, 8, NULL),
(498, 8, 8),
(499, 8, 4),
(500, 8, NULL),
(501, 8, NULL),
(502, 8, 5),
(503, 8, NULL),
(504, 8, NULL),
(505, 8, NULL),
(506, 8, 5),
(507, 8, NULL),
(508, 8, NULL),
(509, 8, 15),
(510, 8, NULL),
(511, 8, 20),
(512, 8, NULL),
(513, 8, NULL),
(514, 8, NULL),
(515, 8, NULL),
(516, 8, NULL),
(517, 8, 6),
(518, 8, NULL),
(519, 8, 4),
(520, 8, NULL),
(521, 8, NULL),
(522, 8, NULL),
(523, 8, NULL),
(524, 8, 4),
(525, 8, 5),
(526, 8, NULL),
(527, 8, 2),
(528, 8, NULL),
(529, 8, NULL),
(530, 8, NULL),
(531, 8, NULL),
(532, 8, NULL),
(533, 8, 4),
(534, 8, NULL),
(535, 8, NULL),
(536, 8, NULL),
(537, 8, NULL),
(538, 8, NULL),
(539, 8, NULL),
(540, 8, NULL),
(541, 8, NULL),
(542, 8, NULL),
(543, 8, NULL),
(544, 8, -1),
(545, 8, NULL),
(546, 8, 5),
(547, 8, 5),
(548, 8, NULL),
(549, 8, 4),
(550, 8, 4),
(551, 8, NULL),
(552, 8, 5),
(553, 8, NULL),
(554, 8, NULL),
(555, 8, NULL),
(556, 8, NULL),
(557, 8, NULL),
(558, 8, NULL),
(559, 8, 3),
(560, 8, NULL),
(561, 8, NULL),
(562, 8, NULL),
(563, 8, NULL),
(564, 8, NULL),
(565, 8, NULL),
(566, 8, 2),
(567, 8, 4),
(568, 8, 5),
(569, 8, NULL),
(570, 8, NULL),
(571, 8, 5),
(572, 8, NULL),
(573, 8, NULL),
(574, 8, 5),
(575, 8, NULL),
(576, 8, NULL),
(577, 8, NULL),
(578, 8, 6),
(579, 8, 5),
(580, 8, NULL),
(581, 8, 5),
(582, 8, NULL),
(583, 8, NULL),
(584, 8, NULL),
(585, 8, NULL),
(586, 8, NULL),
(587, 8, 14),
(588, 8, NULL),
(589, 8, NULL),
(590, 8, NULL),
(591, 8, 6),
(592, 8, 3),
(593, 8, NULL),
(594, 8, 2),
(595, 8, NULL),
(596, 8, NULL),
(597, 8, NULL),
(598, 8, 3),
(599, 8, 5),
(600, 8, NULL),
(601, 8, NULL),
(602, 8, NULL),
(603, 8, NULL),
(604, 8, NULL),
(605, 8, NULL),
(606, 8, NULL),
(607, 8, 6),
(608, 8, NULL),
(609, 8, NULL),
(610, 8, NULL),
(611, 8, 5),
(612, 8, 7),
(613, 8, 7),
(614, 8, NULL),
(615, 8, 28),
(616, 8, NULL),
(617, 8, NULL),
(618, 8, 7),
(619, 8, NULL),
(620, 8, NULL),
(621, 8, NULL),
(622, 8, 6),
(623, 8, NULL),
(624, 8, 4),
(625, 8, NULL),
(626, 8, NULL),
(627, 8, NULL),
(628, 8, 13),
(629, 8, 7),
(630, 8, NULL),
(631, 8, NULL),
(632, 8, 3),
(633, 8, 6),
(634, 8, 4),
(635, 8, NULL),
(636, 8, 5),
(637, 8, NULL),
(638, 8, NULL),
(639, 8, 4),
(640, 8, NULL),
(641, 8, NULL),
(642, 8, NULL),
(643, 8, NULL),
(644, 8, 2),
(645, 8, NULL),
(646, 8, NULL),
(647, 8, 3),
(648, 8, 4),
(649, 8, NULL),
(650, 8, 5),
(651, 8, 4),
(652, 8, NULL),
(653, 8, NULL),
(654, 8, 3),
(655, 8, 7),
(656, 8, NULL),
(657, 8, NULL),
(658, 8, NULL),
(659, 8, 5),
(660, 8, NULL),
(661, 8, NULL),
(662, 8, NULL),
(663, 8, 5),
(664, 8, NULL),
(665, 8, NULL),
(666, 8, 5),
(667, 8, NULL),
(668, 8, NULL),
(669, 8, 15),
(670, 8, NULL),
(671, 8, 5),
(672, 8, NULL),
(673, 8, 5),
(674, 8, NULL),
(675, 8, NULL),
(676, 8, NULL),
(677, 8, 6),
(678, 8, 5),
(679, 8, 8),
(680, 8, NULL),
(681, 8, NULL),
(682, 8, NULL),
(683, 8, 5),
(684, 8, NULL),
(685, 8, NULL),
(686, 8, NULL),
(687, 8, NULL),
(688, 8, NULL),
(689, 8, 6),
(690, 8, 9),
(691, 8, NULL),
(692, 8, NULL),
(693, 8, NULL),
(694, 8, NULL),
(695, 8, 4),
(696, 8, NULL),
(697, 8, NULL),
(698, 8, 3),
(699, 8, NULL),
(700, 8, NULL),
(701, 8, 2),
(702, 8, NULL),
(703, 8, NULL),
(704, 8, 4),
(705, 8, 6),
(706, 8, NULL),
(707, 8, 6),
(708, 8, 3),
(709, 8, 9),
(710, 8, NULL),
(711, 8, NULL),
(712, 8, NULL),
(713, 8, NULL),
(714, 8, NULL),
(715, 8, NULL),
(716, 8, NULL),
(717, 8, 6),
(718, 8, NULL),
(719, 8, NULL),
(720, 8, NULL),
(721, 8, 10),
(722, 8, NULL),
(723, 8, 3),
(724, 8, NULL),
(725, 8, NULL),
(726, 8, 2),
(727, 8, NULL),
(728, 8, 5),
(729, 8, 7),
(730, 8, NULL),
(731, 8, 5),
(732, 8, NULL),
(733, 8, NULL),
(734, 8, NULL),
(735, 8, NULL),
(736, 8, 2),
(737, 8, NULL),
(738, 8, 4),
(739, 8, NULL),
(740, 8, NULL),
(741, 8, NULL),
(742, 8, NULL),
(743, 8, NULL),
(744, 8, NULL),
(745, 8, 6),
(746, 8, NULL),
(747, 8, NULL),
(748, 8, 5),
(749, 8, NULL),
(750, 8, NULL),
(751, 8, NULL),
(752, 8, NULL),
(753, 8, NULL),
(754, 8, NULL),
(755, 8, 10),
(756, 8, 4),
(757, 8, NULL),
(758, 8, 4),
(759, 8, 17),
(760, 8, NULL),
(761, 8, NULL),
(762, 8, 5),
(763, 8, 5),
(764, 8, NULL),
(765, 8, NULL),
(766, 8, NULL),
(767, 8, 10),
(768, 8, NULL),
(769, 8, 8),
(770, 8, NULL),
(771, 8, 7),
(772, 8, NULL),
(773, 8, 7),
(774, 8, NULL),
(775, 8, 8),
(776, 8, NULL),
(777, 8, NULL),
(778, 8, 8),
(779, 8, NULL),
(780, 8, NULL),
(781, 8, 5),
(782, 8, NULL),
(783, 8, NULL),
(784, 8, NULL),
(785, 8, 6),
(786, 8, NULL),
(787, 8, NULL),
(788, 8, 3),
(789, 8, NULL),
(790, 8, 19),
(791, 8, 3),
(792, 8, 5),
(793, 8, 4),
(794, 8, NULL),
(795, 8, NULL),
(796, 8, 6),
(797, 8, NULL),
(798, 8, 12),
(799, 8, NULL),
(2, 9, NULL),
(3, 9, NULL),
(4, 9, 4),
(5, 9, NULL),
(6, 9, 5),
(7, 9, 4),
(8, 9, NULL),
(9, 9, 4),
(10, 9, 4),
(11, 9, 4),
(12, 9, NULL),
(13, 9, NULL),
(14, 9, 4),
(15, 9, 4),
(16, 9, 4),
(17, 9, 5),
(18, 9, NULL),
(19, 9, NULL),
(20, 9, NULL),
(21, 9, NULL),
(22, 9, 3),
(23, 9, NULL),
(24, 9, NULL),
(25, 9, NULL),
(26, 9, 4),
(27, 9, 5),
(28, 9, 5),
(29, 9, NULL),
(30, 9, NULL),
(31, 9, NULL),
(32, 9, NULL),
(33, 9, NULL),
(34, 9, 2),
(35, 9, NULL),
(36, 9, NULL),
(37, 9, NULL),
(38, 9, NULL),
(39, 9, NULL),
(40, 9, 4),
(41, 9, NULL),
(42, 9, 5),
(43, 9, 5),
(44, 9, NULL),
(45, 9, NULL),
(46, 9, 5),
(47, 9, 5),
(48, 9, NULL),
(49, 9, 5),
(50, 9, NULL),
(51, 9, NULL),
(52, 9, NULL),
(53, 9, NULL),
(54, 9, NULL),
(55, 9, 5),
(56, 9, 4),
(57, 9, NULL),
(58, 9, NULL),
(59, 9, 4),
(60, 9, NULL),
(61, 9, 5),
(62, 9, 6),
(63, 9, NULL),
(64, 9, NULL),
(65, 9, 5),
(66, 9, NULL),
(67, 9, NULL),
(68, 9, NULL),
(69, 9, 3),
(70, 9, NULL),
(71, 9, NULL),
(72, 9, NULL),
(73, 9, NULL),
(74, 9, NULL),
(75, 9, NULL),
(76, 9, 5),
(77, 9, 5),
(78, 9, 4),
(79, 9, 5),
(80, 9, 3),
(81, 9, 4),
(82, 9, NULL),
(83, 9, 5),
(84, 9, 4),
(85, 9, NULL),
(86, 9, 2),
(87, 9, NULL),
(88, 9, NULL),
(89, 9, NULL),
(90, 9, 4),
(91, 9, NULL),
(92, 9, NULL),
(93, 9, 12),
(94, 9, NULL),
(95, 9, 4),
(96, 9, 3),
(97, 9, NULL),
(98, 9, NULL),
(99, 9, 3),
(100, 9, NULL),
(101, 9, NULL),
(102, 9, 4),
(103, 9, 5),
(104, 9, 5),
(105, 9, 4),
(106, 9, NULL),
(107, 9, 4),
(108, 9, 6),
(109, 9, NULL),
(110, 9, NULL),
(111, 9, 5),
(112, 9, 5),
(113, 9, 12),
(114, 9, NULL),
(115, 9, NULL),
(116, 9, NULL),
(117, 9, NULL),
(118, 9, NULL),
(119, 9, NULL),
(120, 9, 4),
(121, 9, 5),
(122, 9, NULL),
(123, 9, NULL),
(124, 9, NULL),
(125, 9, 6),
(126, 9, NULL),
(127, 9, 6),
(128, 9, NULL),
(129, 9, NULL),
(130, 9, 5),
(131, 9, 4),
(132, 9, NULL),
(133, 9, 4),
(134, 9, 6),
(135, 9, NULL),
(136, 9, 7),
(137, 9, NULL),
(138, 9, NULL),
(139, 9, NULL),
(140, 9, 6),
(141, 9, 20),
(142, 9, NULL),
(143, 9, NULL),
(144, 9, NULL),
(145, 9, 6),
(146, 9, NULL),
(147, 9, NULL),
(148, 9, 4),
(149, 9, 5),
(150, 9, 4),
(151, 9, NULL),
(152, 9, NULL),
(153, 9, NULL),
(154, 9, NULL),
(155, 9, NULL),
(156, 9, 9),
(157, 9, 7),
(158, 9, NULL),
(159, 9, NULL),
(160, 9, NULL),
(161, 9, 7),
(162, 9, NULL),
(163, 9, 8),
(164, 9, 8),
(165, 9, 8),
(166, 9, NULL),
(167, 9, 5),
(168, 9, 6),
(169, 9, NULL),
(170, 9, NULL),
(171, 9, NULL),
(172, 9, NULL),
(173, 9, NULL),
(174, 9, NULL),
(175, 9, NULL),
(176, 9, 7),
(177, 9, NULL),
(178, 9, NULL),
(179, 9, NULL),
(180, 9, NULL),
(181, 9, NULL),
(182, 9, NULL),
(183, 9, 5),
(184, 9, 6),
(185, 9, 20),
(186, 9, NULL),
(187, 9, NULL),
(188, 9, 2),
(189, 9, NULL),
(190, 9, NULL),
(191, 9, 4),
(192, 9, NULL),
(193, 9, 5),
(194, 9, 5),
(195, 9, NULL),
(196, 9, NULL),
(197, 9, NULL),
(198, 9, 2),
(199, 9, NULL),
(200, 9, NULL),
(201, 9, NULL),
(202, 9, NULL),
(203, 9, 5),
(204, 9, NULL),
(205, 9, 3),
(206, 9, 4),
(207, 9, 5),
(208, 9, NULL),
(209, 9, NULL),
(210, 9, NULL),
(211, 9, NULL),
(212, 9, 12),
(213, 9, NULL),
(214, 9, 5),
(215, 9, 6),
(216, 9, 6),
(217, 9, 3),
(218, 9, NULL),
(219, 9, NULL),
(220, 9, 4),
(221, 9, 6),
(222, 9, 6),
(223, 9, NULL),
(224, 9, NULL),
(225, 9, NULL),
(226, 9, NULL),
(227, 9, NULL),
(228, 9, 6),
(229, 9, 5),
(230, 9, NULL),
(231, 9, 5),
(232, 9, NULL),
(233, 9, 5),
(234, 9, NULL),
(235, 9, 6),
(236, 9, 6),
(237, 9, NULL),
(238, 9, NULL),
(239, 9, NULL),
(240, 9, 5),
(241, 9, 8),
(242, 9, NULL),
(243, 9, NULL),
(244, 9, NULL),
(245, 9, 5),
(246, 9, NULL),
(247, 9, NULL),
(248, 9, 5),
(249, 9, NULL),
(250, 9, NULL),
(251, 9, NULL),
(252, 9, 4),
(253, 9, NULL),
(254, 9, 4),
(255, 9, NULL),
(256, 9, NULL),
(257, 9, NULL),
(258, 9, 6),
(259, 9, 5),
(260, 9, 5),
(261, 9, NULL),
(262, 9, NULL),
(263, 9, NULL),
(264, 9, NULL),
(265, 9, NULL),
(266, 9, 5),
(267, 9, NULL),
(268, 9, 6),
(269, 9, NULL),
(270, 9, 6),
(271, 9, NULL),
(272, 9, NULL),
(273, 9, 19),
(274, 9, 5),
(275, 9, NULL),
(276, 9, NULL),
(277, 9, 5),
(278, 9, NULL),
(279, 9, NULL),
(280, 9, NULL),
(281, 9, 4),
(282, 9, NULL),
(283, 9, NULL),
(284, 9, NULL),
(285, 9, NULL),
(286, 9, 5),
(287, 9, NULL),
(288, 9, NULL),
(289, 9, 5),
(290, 9, 6),
(291, 9, NULL),
(292, 9, NULL),
(293, 9, 3),
(294, 9, NULL),
(295, 9, NULL),
(296, 9, NULL),
(297, 9, 6),
(298, 9, NULL),
(299, 9, 20),
(300, 9, 7),
(301, 9, NULL),
(302, 9, NULL),
(303, 9, NULL),
(304, 9, NULL),
(305, 9, NULL),
(306, 9, 14),
(307, 9, NULL),
(308, 9, 6),
(309, 9, NULL),
(310, 9, 5),
(311, 9, 5),
(312, 9, 5),
(313, 9, NULL),
(314, 9, NULL),
(315, 9, 3),
(316, 9, NULL),
(317, 9, NULL),
(318, 9, NULL),
(319, 9, NULL),
(320, 9, NULL),
(321, 9, 5),
(322, 9, 5),
(323, 9, 3),
(324, 9, 15),
(325, 9, 15),
(326, 9, NULL),
(327, 9, NULL),
(328, 9, 5),
(329, 9, NULL),
(330, 9, NULL),
(331, 9, 6),
(332, 9, NULL),
(333, 9, 5),
(334, 9, NULL),
(335, 9, 3),
(336, 9, 5),
(337, 9, 2),
(338, 9, NULL),
(339, 9, 5),
(340, 9, NULL),
(341, 9, NULL),
(342, 9, 5),
(343, 9, NULL),
(344, 9, NULL),
(345, 9, NULL),
(346, 9, NULL),
(347, 9, NULL),
(348, 9, NULL),
(349, 9, -3),
(350, 9, NULL),
(351, 9, 2),
(352, 9, NULL),
(353, 9, NULL),
(354, 9, 5),
(355, 9, NULL),
(356, 9, 3),
(357, 9, 4),
(358, 9, 4),
(359, 9, NULL),
(360, 9, NULL),
(361, 9, NULL),
(362, 9, NULL),
(363, 9, 4),
(364, 9, NULL),
(365, 9, NULL),
(366, 9, 4),
(367, 9, NULL),
(368, 9, NULL),
(369, 9, 4),
(370, 9, 3),
(371, 9, 4),
(372, 9, NULL),
(373, 9, 2),
(374, 9, NULL),
(375, 9, NULL),
(376, 9, NULL),
(377, 9, 5),
(378, 9, NULL),
(379, 9, NULL),
(380, 9, 2),
(381, 9, NULL),
(382, 9, NULL),
(383, 9, NULL),
(384, 9, 4),
(385, 9, NULL),
(386, 9, NULL),
(387, 9, 5),
(388, 9, 4),
(389, 9, NULL),
(390, 9, 5),
(391, 9, NULL),
(392, 9, NULL),
(393, 9, 2),
(394, 9, 5),
(395, 9, 5),
(396, 9, NULL),
(397, 9, NULL),
(398, 9, NULL),
(399, 9, 5),
(400, 9, NULL),
(401, 9, 5),
(402, 9, NULL),
(403, 9, NULL),
(404, 9, 5),
(405, 9, NULL),
(406, 9, NULL),
(407, 9, NULL),
(408, 9, NULL),
(409, 9, NULL),
(410, 9, 5),
(411, 9, NULL),
(412, 9, 5),
(413, 9, 5),
(414, 9, NULL),
(415, 9, NULL),
(416, 9, 9),
(417, 9, NULL),
(418, 9, NULL),
(419, 9, 9),
(420, 9, 7),
(421, 9, 6),
(422, 9, NULL),
(423, 9, NULL),
(424, 9, 7),
(425, 9, NULL),
(426, 9, 7),
(427, 9, NULL),
(428, 9, 5),
(429, 9, NULL),
(430, 9, 6),
(431, 9, NULL),
(432, 9, NULL),
(433, 9, NULL),
(434, 9, NULL),
(435, 9, 11),
(436, 9, 6),
(437, 9, NULL),
(438, 9, NULL),
(439, 9, NULL),
(440, 9, NULL),
(441, 9, NULL),
(442, 9, NULL),
(443, 9, 12),
(444, 9, NULL),
(445, 9, 5),
(446, 9, NULL),
(447, 9, 12),
(448, 9, NULL),
(449, 9, NULL),
(450, 9, NULL),
(451, 9, 3),
(452, 9, NULL),
(453, 9, 4),
(454, 9, NULL),
(455, 9, NULL),
(456, 9, 4),
(457, 9, NULL),
(458, 9, 7),
(459, 9, NULL),
(460, 9, NULL),
(461, 9, NULL),
(462, 9, 5),
(463, 9, NULL),
(464, 9, NULL),
(465, 9, NULL),
(466, 9, 5),
(467, 9, 5),
(468, 9, NULL),
(469, 9, NULL),
(470, 9, 6),
(471, 9, NULL),
(472, 9, NULL),
(473, 9, NULL),
(474, 9, NULL),
(475, 9, NULL),
(476, 9, 5),
(477, 9, NULL),
(478, 9, 6),
(479, 9, 2),
(480, 9, 5),
(481, 9, NULL),
(482, 9, NULL),
(483, 9, NULL),
(484, 9, 4),
(485, 9, NULL),
(486, 9, NULL),
(487, 9, NULL),
(488, 9, NULL),
(489, 9, 4),
(490, 9, 5),
(491, 9, NULL),
(492, 9, NULL),
(493, 9, NULL),
(494, 9, 4),
(495, 9, 5),
(496, 9, 4),
(497, 9, NULL),
(498, 9, NULL),
(499, 9, 6),
(500, 9, NULL),
(501, 9, NULL),
(502, 9, 5),
(503, 9, 5),
(504, 9, 6),
(505, 9, NULL),
(506, 9, NULL),
(507, 9, NULL),
(508, 9, NULL),
(509, 9, 5),
(510, 9, NULL),
(511, 9, 11),
(512, 9, NULL),
(513, 9, NULL),
(514, 9, 4),
(515, 9, NULL),
(516, 9, NULL),
(517, 9, 9),
(518, 9, NULL),
(519, 9, 3),
(520, 9, NULL),
(521, 9, NULL),
(522, 9, NULL),
(523, 9, NULL),
(524, 9, 4),
(525, 9, 4),
(526, 9, NULL),
(527, 9, NULL),
(528, 9, NULL),
(529, 9, 5),
(530, 9, NULL),
(531, 9, NULL),
(532, 9, NULL),
(533, 9, NULL),
(534, 9, NULL),
(535, 9, 4),
(536, 9, 5),
(537, 9, 4),
(538, 9, NULL),
(539, 9, NULL),
(540, 9, NULL),
(541, 9, NULL),
(542, 9, NULL),
(543, 9, 2),
(544, 9, NULL),
(545, 9, NULL),
(546, 9, 14),
(547, 9, 4),
(548, 9, NULL),
(549, 9, 3),
(550, 9, NULL),
(551, 9, NULL),
(552, 9, 5),
(553, 9, 4),
(554, 9, NULL),
(555, 9, NULL),
(556, 9, 6),
(557, 9, NULL),
(558, 9, 6),
(559, 9, NULL),
(560, 9, NULL),
(561, 9, NULL),
(562, 9, NULL),
(563, 9, NULL),
(564, 9, NULL),
(565, 9, 8),
(566, 9, NULL),
(567, 9, NULL),
(568, 9, NULL),
(569, 9, NULL),
(570, 9, 7),
(571, 9, 6),
(572, 9, 6),
(573, 9, NULL),
(574, 9, NULL),
(575, 9, 6),
(576, 9, NULL),
(577, 9, NULL),
(578, 9, NULL),
(579, 9, 6),
(580, 9, 6),
(581, 9, NULL),
(582, 9, NULL),
(583, 9, NULL),
(584, 9, NULL),
(585, 9, NULL),
(586, 9, 21),
(587, 9, NULL),
(588, 9, NULL),
(589, 9, NULL),
(590, 9, NULL),
(591, 9, NULL),
(592, 9, NULL),
(593, 9, NULL),
(594, 9, NULL),
(595, 9, NULL),
(596, 9, 5),
(597, 9, 25),
(598, 9, NULL),
(599, 9, 5),
(600, 9, NULL),
(601, 9, NULL),
(602, 9, NULL),
(603, 9, NULL),
(604, 9, 7),
(605, 9, NULL),
(606, 9, NULL),
(607, 9, 6),
(608, 9, NULL),
(609, 9, NULL),
(610, 9, 4),
(611, 9, 5),
(612, 9, NULL),
(613, 9, 5),
(614, 9, NULL),
(615, 9, 4),
(616, 9, 18),
(617, 9, NULL),
(618, 9, NULL),
(619, 9, 7),
(620, 9, NULL),
(621, 9, NULL),
(622, 9, 3),
(623, 9, NULL),
(624, 9, 6),
(625, 9, NULL),
(626, 9, NULL),
(627, 9, NULL),
(628, 9, 12),
(629, 9, 5),
(630, 9, NULL),
(631, 9, 14),
(632, 9, NULL),
(633, 9, NULL),
(634, 9, 5),
(635, 9, 7),
(636, 9, 7),
(637, 9, 8),
(638, 9, NULL),
(639, 9, NULL),
(640, 9, NULL),
(641, 9, 6),
(642, 9, NULL),
(643, 9, 4),
(644, 9, NULL),
(645, 9, 4),
(646, 9, NULL),
(647, 9, 5),
(648, 9, NULL),
(649, 9, NULL),
(650, 9, 7),
(651, 9, 5),
(652, 9, NULL),
(653, 9, NULL),
(654, 9, 5),
(655, 9, 11),
(656, 9, NULL),
(657, 9, NULL),
(658, 9, NULL),
(659, 9, 6),
(660, 9, NULL),
(661, 9, NULL),
(662, 9, NULL),
(663, 9, 6),
(664, 9, NULL),
(665, 9, 8),
(666, 9, 5),
(667, 9, NULL),
(668, 9, NULL),
(669, 9, 6),
(670, 9, NULL),
(671, 9, 2),
(672, 9, NULL),
(673, 9, NULL),
(674, 9, NULL),
(675, 9, NULL),
(676, 9, NULL),
(677, 9, 14),
(678, 9, 4),
(679, 9, 7),
(680, 9, NULL),
(681, 9, 5),
(682, 9, NULL),
(683, 9, NULL),
(684, 9, 7),
(685, 9, 16),
(686, 9, NULL),
(687, 9, NULL),
(688, 9, NULL),
(689, 9, 11),
(690, 9, 2),
(691, 9, NULL),
(692, 9, NULL),
(693, 9, NULL),
(694, 9, NULL),
(695, 9, 2),
(696, 9, NULL),
(697, 9, NULL),
(698, 9, 5),
(699, 9, NULL),
(700, 9, NULL),
(701, 9, 5),
(702, 9, NULL),
(703, 9, NULL),
(704, 9, 17),
(705, 9, 4),
(706, 9, NULL),
(707, 9, 4),
(708, 9, 3),
(709, 9, 14),
(710, 9, NULL),
(711, 9, NULL),
(712, 9, NULL),
(713, 9, 5),
(714, 9, NULL),
(715, 9, NULL),
(716, 9, NULL),
(717, 9, 6),
(718, 9, NULL),
(719, 9, NULL),
(720, 9, NULL),
(721, 9, 5),
(722, 9, NULL),
(723, 9, 4),
(724, 9, NULL),
(725, 9, NULL),
(726, 9, 14),
(727, 9, NULL),
(728, 9, NULL),
(729, 9, 8),
(730, 9, NULL),
(731, 9, 7),
(732, 9, NULL),
(733, 9, NULL),
(734, 9, NULL),
(735, 9, NULL),
(736, 9, 8),
(737, 9, 4),
(738, 9, 7),
(739, 9, NULL),
(740, 9, NULL),
(741, 9, NULL),
(742, 9, NULL),
(743, 9, NULL),
(744, 9, NULL),
(745, 9, NULL),
(746, 9, NULL),
(747, 9, NULL),
(748, 9, 6),
(749, 9, NULL),
(750, 9, NULL),
(751, 9, NULL),
(752, 9, NULL),
(753, 9, NULL),
(754, 9, 5),
(755, 9, 5),
(756, 9, 5),
(757, 9, NULL),
(758, 9, 5),
(759, 9, 9),
(760, 9, NULL),
(761, 9, NULL),
(762, 9, 10),
(763, 9, 3),
(764, 9, NULL),
(765, 9, NULL),
(766, 9, NULL),
(767, 9, 2),
(768, 9, NULL),
(769, 9, 5),
(770, 9, NULL),
(771, 9, 2),
(772, 9, 5),
(773, 9, NULL),
(774, 9, NULL),
(775, 9, 1),
(776, 9, 4),
(777, 9, NULL),
(778, 9, NULL),
(779, 9, NULL),
(780, 9, NULL),
(781, 9, 4),
(782, 9, NULL),
(783, 9, NULL),
(784, 9, NULL),
(785, 9, 6),
(786, 9, NULL),
(787, 9, 3),
(788, 9, NULL),
(789, 9, NULL),
(790, 9, 13),
(791, 9, 6),
(792, 9, 5),
(793, 9, NULL),
(794, 9, NULL),
(795, 9, NULL),
(796, 9, 5),
(797, 9, NULL),
(798, 9, 10),
(799, 9, NULL),
(2, 10, 1),
(3, 10, NULL),
(4, 10, NULL),
(5, 10, NULL),
(6, 10, 4),
(7, 10, 5),
(8, 10, NULL),
(9, 10, 5),
(10, 10, NULL),
(11, 10, 5),
(12, 10, 5),
(13, 10, NULL),
(14, 10, NULL),
(15, 10, 9),
(16, 10, NULL),
(17, 10, 3),
(18, 10, 5),
(19, 10, NULL),
(20, 10, NULL),
(21, 10, NULL),
(22, 10, 5),
(23, 10, NULL),
(24, 10, NULL),
(25, 10, NULL),
(26, 10, 5),
(27, 10, 5),
(28, 10, NULL),
(29, 10, 3),
(30, 10, NULL),
(31, 10, NULL),
(32, 10, NULL),
(33, 10, NULL),
(34, 10, 9),
(35, 10, NULL),
(36, 10, NULL),
(37, 10, NULL),
(38, 10, NULL),
(39, 10, NULL),
(40, 10, NULL),
(41, 10, 8),
(42, 10, 8),
(43, 10, 7),
(44, 10, 6),
(45, 10, NULL),
(46, 10, NULL),
(47, 10, NULL),
(48, 10, 6),
(49, 10, 5),
(50, 10, NULL),
(51, 10, NULL),
(52, 10, NULL),
(53, 10, NULL),
(54, 10, 19),
(55, 10, 6),
(56, 10, 5),
(57, 10, NULL),
(58, 10, NULL),
(59, 10, NULL),
(60, 10, NULL),
(61, 10, 3),
(62, 10, NULL),
(63, 10, 6),
(64, 10, NULL),
(65, 10, NULL),
(66, 10, NULL),
(67, 10, NULL),
(68, 10, NULL),
(69, 10, NULL),
(70, 10, NULL),
(71, 10, NULL),
(72, 10, NULL),
(73, 10, NULL),
(74, 10, 4),
(75, 10, 2),
(76, 10, 5),
(77, 10, NULL),
(78, 10, 6),
(79, 10, NULL),
(80, 10, 5),
(81, 10, NULL),
(82, 10, NULL),
(83, 10, 33),
(84, 10, NULL),
(85, 10, 6),
(86, 10, 6),
(87, 10, NULL),
(88, 10, NULL),
(89, 10, 7),
(90, 10, 12),
(91, 10, NULL),
(92, 10, NULL),
(93, 10, 7),
(94, 10, NULL),
(95, 10, NULL),
(96, 10, 3),
(97, 10, NULL),
(98, 10, NULL),
(99, 10, 4),
(100, 10, NULL),
(101, 10, NULL),
(102, 10, 4),
(103, 10, 4),
(104, 10, NULL),
(105, 10, 5),
(106, 10, NULL),
(107, 10, 4),
(108, 10, 3),
(109, 10, NULL),
(110, 10, NULL),
(111, 10, 4),
(112, 10, 5),
(113, 10, 4),
(114, 10, NULL),
(115, 10, NULL),
(116, 10, NULL),
(117, 10, NULL),
(118, 10, NULL),
(119, 10, NULL),
(120, 10, 4),
(121, 10, 4),
(122, 10, NULL),
(123, 10, NULL),
(124, 10, NULL),
(125, 10, -1),
(126, 10, NULL),
(127, 10, 5),
(128, 10, NULL),
(129, 10, NULL),
(130, 10, 5),
(131, 10, 6),
(132, 10, NULL),
(133, 10, NULL),
(134, 10, 7),
(135, 10, NULL),
(136, 10, 5),
(137, 10, NULL),
(138, 10, NULL),
(139, 10, NULL),
(140, 10, NULL),
(141, 10, 15),
(142, 10, NULL),
(143, 10, NULL),
(144, 10, NULL),
(145, 10, 4),
(146, 10, NULL),
(147, 10, NULL),
(148, 10, 6),
(149, 10, 7),
(150, 10, 5),
(151, 10, NULL),
(152, 10, 5),
(153, 10, NULL),
(154, 10, NULL),
(155, 10, NULL),
(156, 10, 4),
(157, 10, 3),
(158, 10, NULL),
(159, 10, NULL),
(160, 10, 6),
(161, 10, 5),
(162, 10, NULL),
(163, 10, 6),
(164, 10, 5),
(165, 10, NULL),
(166, 10, NULL),
(167, 10, 6),
(168, 10, 5),
(169, 10, NULL),
(170, 10, NULL),
(171, 10, NULL),
(172, 10, NULL),
(173, 10, NULL),
(174, 10, NULL),
(175, 10, NULL),
(176, 10, NULL),
(177, 10, NULL),
(178, 10, NULL),
(179, 10, 5),
(180, 10, 4),
(181, 10, NULL),
(182, 10, 13),
(183, 10, 5),
(184, 10, NULL),
(185, 10, 10),
(186, 10, NULL),
(187, 10, NULL),
(188, 10, 3),
(189, 10, 5),
(190, 10, NULL),
(191, 10, 5),
(192, 10, 5),
(193, 10, 5),
(194, 10, 5),
(195, 10, NULL),
(196, 10, NULL),
(197, 10, NULL),
(198, 10, NULL),
(199, 10, NULL),
(200, 10, NULL),
(201, 10, NULL),
(202, 10, NULL),
(203, 10, 3),
(204, 10, 6),
(205, 10, NULL),
(206, 10, NULL),
(207, 10, 7),
(208, 10, NULL),
(209, 10, NULL),
(210, 10, NULL),
(211, 10, NULL),
(212, 10, 5),
(213, 10, 10),
(214, 10, 9),
(215, 10, NULL),
(216, 10, 5),
(217, 10, 9),
(218, 10, NULL),
(219, 10, NULL),
(220, 10, 7),
(221, 10, NULL),
(222, 10, 7),
(223, 10, 4),
(224, 10, NULL),
(225, 10, NULL),
(226, 10, NULL),
(227, 10, 4),
(228, 10, 6),
(229, 10, 4),
(230, 10, NULL),
(231, 10, 2),
(232, 10, NULL),
(233, 10, 13),
(234, 10, NULL),
(235, 10, 5),
(236, 10, 5),
(237, 10, NULL),
(238, 10, 4),
(239, 10, NULL),
(240, 10, NULL),
(241, 10, 16),
(242, 10, NULL),
(243, 10, NULL),
(244, 10, NULL),
(245, 10, 2),
(246, 10, NULL),
(247, 10, NULL),
(248, 10, 5),
(249, 10, NULL),
(250, 10, NULL),
(251, 10, NULL),
(252, 10, 2),
(253, 10, NULL),
(254, 10, NULL),
(255, 10, 6),
(256, 10, NULL),
(257, 10, NULL),
(258, 10, NULL),
(259, 10, 6),
(260, 10, 5),
(261, 10, NULL),
(262, 10, 3),
(263, 10, NULL),
(264, 10, NULL),
(265, 10, NULL),
(266, 10, 4),
(267, 10, NULL),
(268, 10, NULL),
(269, 10, NULL),
(270, 10, 4),
(271, 10, NULL),
(272, 10, 5),
(273, 10, 6),
(274, 10, 6),
(275, 10, 4),
(276, 10, NULL),
(277, 10, NULL),
(278, 10, NULL),
(279, 10, NULL),
(280, 10, NULL),
(281, 10, 2),
(282, 10, NULL),
(283, 10, NULL),
(284, 10, NULL),
(285, 10, NULL),
(286, 10, 5),
(287, 10, NULL),
(288, 10, NULL),
(289, 10, 5),
(290, 10, 4),
(291, 10, NULL),
(292, 10, NULL),
(293, 10, 6),
(294, 10, NULL),
(295, 10, NULL),
(296, 10, NULL),
(297, 10, 5),
(298, 10, 5),
(299, 10, 5),
(300, 10, 6),
(301, 10, NULL),
(302, 10, NULL),
(303, 10, NULL),
(304, 10, NULL),
(305, 10, NULL),
(306, 10, 5),
(307, 10, NULL),
(308, 10, 5),
(309, 10, NULL),
(310, 10, 5),
(311, 10, NULL),
(312, 10, 3),
(313, 10, NULL),
(314, 10, NULL),
(315, 10, 5),
(316, 10, NULL),
(317, 10, NULL),
(318, 10, NULL),
(319, 10, NULL),
(320, 10, NULL),
(321, 10, 4),
(322, 10, NULL),
(323, 10, 5),
(324, 10, 5),
(325, 10, 3),
(326, 10, NULL),
(327, 10, 6),
(328, 10, 4),
(329, 10, NULL),
(330, 10, NULL),
(331, 10, 5),
(332, 10, NULL),
(333, 10, 5),
(334, 10, NULL),
(335, 10, NULL),
(336, 10, 6),
(337, 10, 17),
(338, 10, NULL),
(339, 10, NULL),
(340, 10, NULL),
(341, 10, NULL),
(342, 10, 4),
(343, 10, NULL),
(344, 10, NULL),
(345, 10, NULL),
(346, 10, NULL),
(347, 10, NULL),
(348, 10, NULL),
(349, 10, 8),
(350, 10, NULL),
(351, 10, 5),
(352, 10, 5),
(353, 10, 13),
(354, 10, 7),
(355, 10, NULL),
(356, 10, NULL),
(357, 10, NULL),
(358, 10, NULL),
(359, 10, NULL),
(360, 10, NULL),
(361, 10, NULL),
(362, 10, NULL),
(363, 10, 3),
(364, 10, NULL),
(365, 10, NULL),
(366, 10, 6),
(367, 10, NULL),
(368, 10, NULL),
(369, 10, 5),
(370, 10, 5),
(371, 10, 10),
(372, 10, NULL),
(373, 10, 5),
(374, 10, NULL),
(375, 10, NULL),
(376, 10, NULL),
(377, 10, 5),
(378, 10, 5),
(379, 10, NULL),
(380, 10, 5),
(381, 10, NULL),
(382, 10, NULL),
(383, 10, NULL),
(384, 10, 5),
(385, 10, NULL),
(386, 10, NULL),
(387, 10, 5),
(388, 10, NULL),
(389, 10, NULL),
(390, 10, NULL),
(391, 10, 3),
(392, 10, NULL),
(393, 10, NULL),
(394, 10, 5),
(395, 10, 4),
(396, 10, 4),
(397, 10, NULL),
(398, 10, 5),
(399, 10, 5),
(400, 10, NULL),
(401, 10, 4),
(402, 10, NULL),
(403, 10, NULL),
(404, 10, NULL),
(405, 10, 4),
(406, 10, 5),
(407, 10, NULL),
(408, 10, NULL),
(409, 10, 5),
(410, 10, 6),
(411, 10, NULL),
(412, 10, NULL),
(413, 10, 5),
(414, 10, NULL),
(415, 10, NULL),
(416, 10, NULL),
(417, 10, NULL),
(418, 10, NULL),
(419, 10, 3),
(420, 10, NULL),
(421, 10, 4),
(422, 10, NULL),
(423, 10, NULL),
(424, 10, -1),
(425, 10, NULL),
(426, 10, 5),
(427, 10, NULL),
(428, 10, NULL),
(429, 10, 5),
(430, 10, 4),
(431, 10, NULL),
(432, 10, NULL),
(433, 10, NULL),
(434, 10, NULL),
(435, 10, 5),
(436, 10, 10),
(437, 10, NULL),
(438, 10, 5),
(439, 10, NULL),
(440, 10, NULL),
(441, 10, 3),
(442, 10, 6),
(443, 10, 10),
(444, 10, NULL),
(445, 10, 4),
(446, 10, NULL),
(447, 10, 9),
(448, 10, NULL),
(449, 10, NULL),
(450, 10, 4),
(451, 10, NULL),
(452, 10, NULL),
(453, 10, NULL),
(454, 10, 5),
(455, 10, 6),
(456, 10, NULL),
(457, 10, NULL),
(458, 10, NULL),
(459, 10, NULL),
(460, 10, NULL),
(461, 10, NULL),
(462, 10, NULL),
(463, 10, 4),
(464, 10, NULL),
(465, 10, 5),
(466, 10, 5),
(467, 10, NULL),
(468, 10, NULL),
(469, 10, NULL),
(470, 10, NULL),
(471, 10, 5),
(472, 10, 15),
(473, 10, 5),
(474, 10, NULL),
(475, 10, 9),
(476, 10, NULL),
(477, 10, 3),
(478, 10, NULL),
(479, 10, NULL),
(480, 10, NULL),
(481, 10, 5),
(482, 10, 5),
(483, 10, 6),
(484, 10, NULL),
(485, 10, NULL),
(486, 10, NULL),
(487, 10, NULL),
(488, 10, NULL),
(489, 10, 4),
(490, 10, 5),
(491, 10, NULL),
(492, 10, NULL),
(493, 10, NULL),
(494, 10, NULL),
(495, 10, 4),
(496, 10, 4),
(497, 10, NULL),
(498, 10, NULL),
(499, 10, 4),
(500, 10, NULL),
(501, 10, NULL),
(502, 10, NULL),
(503, 10, 5),
(504, 10, 5),
(505, 10, NULL),
(506, 10, NULL),
(507, 10, NULL),
(508, 10, 4),
(509, 10, 6),
(510, 10, NULL),
(511, 10, 5),
(512, 10, 2),
(513, 10, NULL),
(514, 10, 5),
(515, 10, NULL),
(516, 10, NULL),
(517, 10, 6),
(518, 10, NULL),
(519, 10, 5),
(520, 10, NULL),
(521, 10, NULL),
(522, 10, NULL),
(523, 10, NULL),
(524, 10, 5),
(525, 10, 3),
(526, 10, 6),
(527, 10, NULL),
(528, 10, 5),
(529, 10, NULL),
(530, 10, NULL),
(531, 10, NULL),
(532, 10, NULL),
(533, 10, NULL),
(534, 10, NULL),
(535, 10, NULL),
(536, 10, NULL),
(537, 10, NULL),
(538, 10, NULL),
(539, 10, NULL),
(540, 10, NULL),
(541, 10, NULL),
(542, 10, 3),
(543, 10, NULL),
(544, 10, 5),
(545, 10, NULL),
(546, 10, 5),
(547, 10, 3),
(548, 10, NULL),
(549, 10, 11),
(550, 10, 5),
(551, 10, NULL),
(552, 10, 6),
(553, 10, 5),
(554, 10, NULL),
(555, 10, NULL),
(556, 10, 5),
(557, 10, NULL),
(558, 10, 10),
(559, 10, NULL),
(560, 10, NULL),
(561, 10, NULL),
(562, 10, NULL),
(563, 10, NULL),
(564, 10, NULL),
(565, 10, 5),
(566, 10, 5),
(567, 10, NULL),
(568, 10, 5),
(569, 10, NULL),
(570, 10, 5),
(571, 10, 5),
(572, 10, 5),
(573, 10, NULL),
(574, 10, NULL),
(575, 10, 4),
(576, 10, NULL),
(577, 10, NULL),
(578, 10, 5),
(579, 10, 5),
(580, 10, 3),
(581, 10, NULL),
(582, 10, NULL),
(583, 10, NULL),
(584, 10, NULL),
(585, 10, NULL),
(586, 10, 15),
(587, 10, NULL),
(588, 10, NULL),
(589, 10, NULL),
(590, 10, NULL),
(591, 10, NULL),
(592, 10, NULL),
(593, 10, NULL),
(594, 10, NULL),
(595, 10, NULL),
(596, 10, 5),
(597, 10, 13),
(598, 10, NULL),
(599, 10, 5),
(600, 10, NULL),
(601, 10, NULL),
(602, 10, NULL),
(603, 10, NULL),
(604, 10, NULL);
INSERT INTO `player_round` (`fk_id_player`, `fk_id_round`, `score`) VALUES
(605, 10, 4),
(606, 10, NULL),
(607, 10, 5),
(608, 10, NULL),
(609, 10, NULL),
(610, 10, 4),
(611, 10, 5),
(612, 10, NULL),
(613, 10, 3),
(614, 10, NULL),
(615, 10, 5),
(616, 10, 7),
(617, 10, 5),
(618, 10, 5),
(619, 10, NULL),
(620, 10, NULL),
(621, 10, NULL),
(622, 10, 4),
(623, 10, 4),
(624, 10, 12),
(625, 10, 12),
(626, 10, NULL),
(627, 10, NULL),
(628, 10, 5),
(629, 10, NULL),
(630, 10, NULL),
(631, 10, 9),
(632, 10, NULL),
(633, 10, 8),
(634, 10, 7),
(635, 10, NULL),
(636, 10, 15),
(637, 10, 7),
(638, 10, NULL),
(639, 10, NULL),
(640, 10, NULL),
(641, 10, 4),
(642, 10, NULL),
(643, 10, NULL),
(644, 10, NULL),
(645, 10, NULL),
(646, 10, NULL),
(647, 10, 3),
(648, 10, NULL),
(649, 10, NULL),
(650, 10, 12),
(651, 10, 6),
(652, 10, 5),
(653, 10, NULL),
(654, 10, 5),
(655, 10, 4),
(656, 10, NULL),
(657, 10, NULL),
(658, 10, NULL),
(659, 10, 4),
(660, 10, NULL),
(661, 10, 5),
(662, 10, NULL),
(663, 10, 5),
(664, 10, NULL),
(665, 10, NULL),
(666, 10, 5),
(667, 10, NULL),
(668, 10, NULL),
(669, 10, 4),
(670, 10, NULL),
(671, 10, NULL),
(672, 10, NULL),
(673, 10, NULL),
(674, 10, NULL),
(675, 10, NULL),
(676, 10, NULL),
(677, 10, 5),
(678, 10, 2),
(679, 10, 5),
(680, 10, NULL),
(681, 10, NULL),
(682, 10, NULL),
(683, 10, NULL),
(684, 10, NULL),
(685, 10, 5),
(686, 10, 3),
(687, 10, NULL),
(688, 10, 5),
(689, 10, 10),
(690, 10, 6),
(691, 10, NULL),
(692, 10, NULL),
(693, 10, NULL),
(694, 10, NULL),
(695, 10, 3),
(696, 10, NULL),
(697, 10, NULL),
(698, 10, 4),
(699, 10, NULL),
(700, 10, NULL),
(701, 10, 5),
(702, 10, NULL),
(703, 10, NULL),
(704, 10, 4),
(705, 10, 5),
(706, 10, NULL),
(707, 10, 13),
(708, 10, 2),
(709, 10, 6),
(710, 10, NULL),
(711, 10, NULL),
(712, 10, NULL),
(713, 10, 3),
(714, 10, NULL),
(715, 10, NULL),
(716, 10, NULL),
(717, 10, 8),
(718, 10, NULL),
(719, 10, NULL),
(720, 10, NULL),
(721, 10, NULL),
(722, 10, NULL),
(723, 10, 21),
(724, 10, NULL),
(725, 10, NULL),
(726, 10, 5),
(727, 10, NULL),
(728, 10, NULL),
(729, 10, 4),
(730, 10, NULL),
(731, 10, 5),
(732, 10, NULL),
(733, 10, NULL),
(734, 10, NULL),
(735, 10, NULL),
(736, 10, 6),
(737, 10, NULL),
(738, 10, 6),
(739, 10, NULL),
(740, 10, NULL),
(741, 10, NULL),
(742, 10, NULL),
(743, 10, NULL),
(744, 10, NULL),
(745, 10, NULL),
(746, 10, NULL),
(747, 10, NULL),
(748, 10, 12),
(749, 10, NULL),
(750, 10, NULL),
(751, 10, NULL),
(752, 10, NULL),
(753, 10, NULL),
(754, 10, NULL),
(755, 10, NULL),
(756, 10, 11),
(757, 10, NULL),
(758, 10, 12),
(759, 10, 6),
(760, 10, NULL),
(761, 10, 13),
(762, 10, NULL),
(763, 10, 6),
(764, 10, NULL),
(765, 10, NULL),
(766, 10, NULL),
(767, 10, 14),
(768, 10, NULL),
(769, 10, NULL),
(770, 10, NULL),
(771, 10, 19),
(772, 10, 7),
(773, 10, 8),
(774, 10, NULL),
(775, 10, 7),
(776, 10, NULL),
(777, 10, NULL),
(778, 10, 7),
(779, 10, NULL),
(780, 10, 5),
(781, 10, 5),
(782, 10, NULL),
(783, 10, NULL),
(784, 10, NULL),
(785, 10, 5),
(786, 10, NULL),
(787, 10, 5),
(788, 10, 4),
(789, 10, NULL),
(790, 10, NULL),
(791, 10, NULL),
(792, 10, 6),
(793, 10, 5),
(794, 10, NULL),
(795, 10, NULL),
(796, 10, 4),
(797, 10, NULL),
(798, 10, 5),
(799, 10, NULL),
(2, 11, NULL),
(3, 11, NULL),
(4, 11, NULL),
(5, 11, NULL),
(6, 11, NULL),
(7, 11, NULL),
(8, 11, NULL),
(9, 11, NULL),
(10, 11, NULL),
(11, 11, NULL),
(12, 11, NULL),
(13, 11, NULL),
(14, 11, NULL),
(15, 11, NULL),
(16, 11, NULL),
(17, 11, NULL),
(18, 11, NULL),
(19, 11, NULL),
(20, 11, NULL),
(21, 11, NULL),
(22, 11, NULL),
(23, 11, NULL),
(24, 11, NULL),
(25, 11, NULL),
(26, 11, NULL),
(27, 11, NULL),
(28, 11, NULL),
(29, 11, NULL),
(30, 11, NULL),
(31, 11, NULL),
(32, 11, NULL),
(33, 11, NULL),
(34, 11, 3),
(35, 11, NULL),
(36, 11, NULL),
(37, 11, NULL),
(38, 11, NULL),
(39, 11, NULL),
(40, 11, 7),
(41, 11, 4),
(42, 11, 4),
(43, 11, 5),
(44, 11, 4),
(45, 11, NULL),
(46, 11, NULL),
(47, 11, NULL),
(48, 11, NULL),
(49, 11, NULL),
(50, 11, NULL),
(51, 11, NULL),
(52, 11, NULL),
(53, 11, NULL),
(54, 11, 4),
(55, 11, 12),
(56, 11, 13),
(57, 11, NULL),
(58, 11, NULL),
(59, 11, 4),
(60, 11, NULL),
(61, 11, 4),
(62, 11, NULL),
(63, 11, 2),
(64, 11, NULL),
(65, 11, NULL),
(66, 11, NULL),
(67, 11, 5),
(68, 11, NULL),
(69, 11, NULL),
(70, 11, 9),
(71, 11, 7),
(72, 11, NULL),
(73, 11, NULL),
(74, 11, 5),
(75, 11, 7),
(76, 11, NULL),
(77, 11, 5),
(78, 11, 5),
(79, 11, NULL),
(80, 11, 5),
(81, 11, NULL),
(82, 11, NULL),
(83, 11, NULL),
(84, 11, NULL),
(85, 11, 10),
(86, 11, 6),
(87, 11, NULL),
(88, 11, NULL),
(89, 11, 6),
(90, 11, 6),
(91, 11, NULL),
(92, 11, 8),
(93, 11, NULL),
(94, 11, NULL),
(95, 11, NULL),
(96, 11, 14),
(97, 11, NULL),
(98, 11, NULL),
(99, 11, 8),
(100, 11, NULL),
(101, 11, NULL),
(102, 11, 8),
(103, 11, 19),
(104, 11, 7),
(105, 11, 8),
(106, 11, NULL),
(107, 11, 5),
(108, 11, NULL),
(109, 11, NULL),
(110, 11, NULL),
(111, 11, 4),
(112, 11, 4),
(113, 11, NULL),
(114, 11, NULL),
(115, 11, 4),
(116, 11, NULL),
(117, 11, NULL),
(118, 11, 5),
(119, 11, NULL),
(120, 11, 5),
(121, 11, 5),
(122, 11, NULL),
(123, 11, 5),
(124, 11, NULL),
(125, 11, NULL),
(126, 11, NULL),
(127, 11, 5),
(128, 11, NULL),
(129, 11, NULL),
(130, 11, 7),
(131, 11, 6),
(132, 11, NULL),
(133, 11, NULL),
(134, 11, 6),
(135, 11, NULL),
(136, 11, 6),
(137, 11, 7),
(138, 11, NULL),
(139, 11, NULL),
(140, 11, NULL),
(141, 11, 6),
(142, 11, NULL),
(143, 11, NULL),
(144, 11, NULL),
(145, 11, 18),
(146, 11, 12),
(147, 11, NULL),
(148, 11, 8),
(149, 11, 7),
(150, 11, 9),
(151, 11, NULL),
(152, 11, NULL),
(153, 11, NULL),
(154, 11, NULL),
(155, 11, NULL),
(156, 11, 3),
(157, 11, 5),
(158, 11, NULL),
(159, 11, NULL),
(160, 11, NULL),
(161, 11, 6),
(162, 11, NULL),
(163, 11, 6),
(164, 11, 5),
(165, 11, 5),
(166, 11, NULL),
(167, 11, 6),
(168, 11, 10),
(169, 11, NULL),
(170, 11, NULL),
(171, 11, NULL),
(172, 11, NULL),
(173, 11, NULL),
(174, 11, NULL),
(175, 11, 5),
(176, 11, 6),
(177, 11, NULL),
(178, 11, NULL),
(179, 11, NULL),
(180, 11, NULL),
(181, 11, NULL),
(182, 11, 4),
(183, 11, 12),
(184, 11, NULL),
(185, 11, 9),
(186, 11, NULL),
(187, 11, NULL),
(188, 11, 5),
(189, 11, 7),
(190, 11, NULL),
(191, 11, 3),
(192, 11, NULL),
(193, 11, 3),
(194, 11, NULL),
(195, 11, 6),
(196, 11, NULL),
(197, 11, NULL),
(198, 11, NULL),
(199, 11, NULL),
(200, 11, 6),
(201, 11, NULL),
(202, 11, NULL),
(203, 11, 5),
(204, 11, NULL),
(205, 11, 19),
(206, 11, 13),
(207, 11, 12),
(208, 11, NULL),
(209, 11, NULL),
(210, 11, NULL),
(211, 11, NULL),
(212, 11, NULL),
(213, 11, 6),
(214, 11, NULL),
(215, 11, NULL),
(216, 11, 6),
(217, 11, 1),
(218, 11, NULL),
(219, 11, NULL),
(220, 11, 5),
(221, 11, NULL),
(222, 11, 2),
(223, 11, 3),
(224, 11, NULL),
(225, 11, NULL),
(226, 11, NULL),
(227, 11, 2),
(228, 11, 6),
(229, 11, 5),
(230, 11, NULL),
(231, 11, 5),
(232, 11, NULL),
(233, 11, 5),
(234, 11, NULL),
(235, 11, 5),
(236, 11, 2),
(237, 11, NULL),
(238, 11, NULL),
(239, 11, NULL),
(240, 11, NULL),
(241, 11, 3),
(242, 11, 11),
(243, 11, NULL),
(244, 11, NULL),
(245, 11, NULL),
(246, 11, NULL),
(247, 11, NULL),
(248, 11, NULL),
(249, 11, NULL),
(250, 11, NULL),
(251, 11, NULL),
(252, 11, NULL),
(253, 11, NULL),
(254, 11, NULL),
(255, 11, NULL),
(256, 11, NULL),
(257, 11, NULL),
(258, 11, NULL),
(259, 11, NULL),
(260, 11, NULL),
(261, 11, NULL),
(262, 11, NULL),
(263, 11, NULL),
(264, 11, NULL),
(265, 11, NULL),
(266, 11, NULL),
(267, 11, NULL),
(268, 11, NULL),
(269, 11, NULL),
(270, 11, NULL),
(271, 11, NULL),
(272, 11, NULL),
(273, 11, NULL),
(274, 11, NULL),
(275, 11, NULL),
(276, 11, NULL),
(277, 11, NULL),
(278, 11, NULL),
(279, 11, NULL),
(280, 11, NULL),
(281, 11, 2),
(282, 11, NULL),
(283, 11, NULL),
(284, 11, NULL),
(285, 11, NULL),
(286, 11, 6),
(287, 11, 4),
(288, 11, NULL),
(289, 11, 2),
(290, 11, 6),
(291, 11, NULL),
(292, 11, NULL),
(293, 11, NULL),
(294, 11, NULL),
(295, 11, NULL),
(296, 11, NULL),
(297, 11, 4),
(298, 11, 4),
(299, 11, 5),
(300, 11, NULL),
(301, 11, 4),
(302, 11, NULL),
(303, 11, NULL),
(304, 11, NULL),
(305, 11, NULL),
(306, 11, 5),
(307, 11, NULL),
(308, 11, 5),
(309, 11, NULL),
(310, 11, 10),
(311, 11, NULL),
(312, 11, NULL),
(313, 11, NULL),
(314, 11, 4),
(315, 11, 2),
(316, 11, NULL),
(317, 11, NULL),
(318, 11, NULL),
(319, 11, NULL),
(320, 11, 3),
(321, 11, 5),
(322, 11, NULL),
(323, 11, 3),
(324, 11, NULL),
(325, 11, NULL),
(326, 11, 4),
(327, 11, 4),
(328, 11, 6),
(329, 11, NULL),
(330, 11, 3),
(331, 11, 3),
(332, 11, NULL),
(333, 11, NULL),
(334, 11, NULL),
(335, 11, 5),
(336, 11, 5),
(337, 11, 5),
(338, 11, 5),
(339, 11, NULL),
(340, 11, NULL),
(341, 11, NULL),
(342, 11, 5),
(343, 11, NULL),
(344, 11, NULL),
(345, 11, NULL),
(346, 11, NULL),
(347, 11, NULL),
(348, 11, NULL),
(349, 11, 3),
(350, 11, NULL),
(351, 11, 6),
(352, 11, 5),
(353, 11, 12),
(354, 11, 6),
(355, 11, NULL),
(356, 11, NULL),
(357, 11, NULL),
(358, 11, NULL),
(359, 11, NULL),
(360, 11, 3),
(361, 11, NULL),
(362, 11, NULL),
(363, 11, 5),
(364, 11, NULL),
(365, 11, NULL),
(366, 11, 6),
(367, 11, 3),
(368, 11, NULL),
(369, 11, 5),
(370, 11, 5),
(371, 11, 6),
(372, 11, NULL),
(373, 11, NULL),
(374, 11, NULL),
(375, 11, NULL),
(376, 11, NULL),
(377, 11, 13),
(378, 11, 5),
(379, 11, NULL),
(380, 11, 5),
(381, 11, NULL),
(382, 11, NULL),
(383, 11, NULL),
(384, 11, 5),
(385, 11, 5),
(386, 11, NULL),
(387, 11, 5),
(388, 11, NULL),
(389, 11, NULL),
(390, 11, NULL),
(391, 11, 5),
(392, 11, NULL),
(393, 11, 5),
(394, 11, 6),
(395, 11, NULL),
(396, 11, 5),
(397, 11, NULL),
(398, 11, NULL),
(399, 11, 3),
(400, 11, NULL),
(401, 11, NULL),
(402, 11, NULL),
(403, 11, NULL),
(404, 11, 6),
(405, 11, 5),
(406, 11, 5),
(407, 11, NULL),
(408, 11, NULL),
(409, 11, 6),
(410, 11, 5),
(411, 11, NULL),
(412, 11, NULL),
(413, 11, NULL),
(414, 11, NULL),
(415, 11, NULL),
(416, 11, 11),
(417, 11, NULL),
(418, 11, 8),
(419, 11, 8),
(420, 11, 6),
(421, 11, 8),
(422, 11, NULL),
(423, 11, NULL),
(424, 11, NULL),
(425, 11, NULL),
(426, 11, NULL),
(427, 11, 8),
(428, 11, NULL),
(429, 11, 4),
(430, 11, NULL),
(431, 11, NULL),
(432, 11, NULL),
(433, 11, NULL),
(434, 11, NULL),
(435, 11, NULL),
(436, 11, 6),
(437, 11, NULL),
(438, 11, 5),
(439, 11, NULL),
(440, 11, NULL),
(441, 11, NULL),
(442, 11, NULL),
(443, 11, 6),
(444, 11, NULL),
(445, 11, 6),
(446, 11, NULL),
(447, 11, 24),
(448, 11, NULL),
(449, 11, NULL),
(450, 11, 15),
(451, 11, NULL),
(452, 11, NULL),
(453, 11, NULL),
(454, 11, 6),
(455, 11, 7),
(456, 11, NULL),
(457, 11, NULL),
(458, 11, 7),
(459, 11, NULL),
(460, 11, NULL),
(461, 11, 8),
(462, 11, NULL),
(463, 11, NULL),
(464, 11, NULL),
(465, 11, 8),
(466, 11, 5),
(467, 11, NULL),
(468, 11, NULL),
(469, 11, NULL),
(470, 11, NULL),
(471, 11, NULL),
(472, 11, 6),
(473, 11, 12),
(474, 11, NULL),
(475, 11, 7),
(476, 11, NULL),
(477, 11, NULL),
(478, 11, 7),
(479, 11, NULL),
(480, 11, NULL),
(481, 11, 4),
(482, 11, NULL),
(483, 11, 10),
(484, 11, NULL),
(485, 11, NULL),
(486, 11, NULL),
(487, 11, NULL),
(488, 11, NULL),
(489, 11, 2),
(490, 11, 4),
(491, 11, NULL),
(492, 11, NULL),
(493, 11, NULL),
(494, 11, 4),
(495, 11, 1),
(496, 11, 1),
(497, 11, NULL),
(498, 11, NULL),
(499, 11, 4),
(500, 11, NULL),
(501, 11, NULL),
(502, 11, NULL),
(503, 11, NULL),
(504, 11, NULL),
(505, 11, NULL),
(506, 11, NULL),
(507, 11, NULL),
(508, 11, 4),
(509, 11, 5),
(510, 11, NULL),
(511, 11, 6),
(512, 11, 5),
(513, 11, NULL),
(514, 11, NULL),
(515, 11, 5),
(516, 11, NULL),
(517, 11, 12),
(518, 11, 5),
(519, 11, 5),
(520, 11, NULL),
(521, 11, NULL),
(522, 11, NULL),
(523, 11, NULL),
(524, 11, 4),
(525, 11, 17),
(526, 11, NULL),
(527, 11, NULL),
(528, 11, 11),
(529, 11, NULL),
(530, 11, NULL),
(531, 11, NULL),
(532, 11, 5),
(533, 11, NULL),
(534, 11, NULL),
(535, 11, 5),
(536, 11, NULL),
(537, 11, NULL),
(538, 11, NULL),
(539, 11, NULL),
(540, 11, NULL),
(541, 11, 5),
(542, 11, NULL),
(543, 11, NULL),
(544, 11, 5),
(545, 11, NULL),
(546, 11, 5),
(547, 11, 5),
(548, 11, NULL),
(549, 11, 5),
(550, 11, NULL),
(551, 11, NULL),
(552, 11, 3),
(553, 11, 7),
(554, 11, NULL),
(555, 11, NULL),
(556, 11, NULL),
(557, 11, NULL),
(558, 11, 5),
(559, 11, NULL),
(560, 11, NULL),
(561, 11, NULL),
(562, 11, 5),
(563, 11, NULL),
(564, 11, NULL),
(565, 11, 7),
(566, 11, NULL),
(567, 11, 6),
(568, 11, NULL),
(569, 11, NULL),
(570, 11, NULL),
(571, 11, NULL),
(572, 11, NULL),
(573, 11, NULL),
(574, 11, NULL),
(575, 11, 6),
(576, 11, NULL),
(577, 11, NULL),
(578, 11, NULL),
(579, 11, 4),
(580, 11, 5),
(581, 11, NULL),
(582, 11, NULL),
(583, 11, NULL),
(584, 11, NULL),
(585, 11, NULL),
(586, 11, 6),
(587, 11, 5),
(588, 11, NULL),
(589, 11, NULL),
(590, 11, NULL),
(591, 11, NULL),
(592, 11, NULL),
(593, 11, 15),
(594, 11, NULL),
(595, 11, NULL),
(596, 11, 15),
(597, 11, 5),
(598, 11, NULL),
(599, 11, 1),
(600, 11, NULL),
(601, 11, NULL),
(602, 11, NULL),
(603, 11, NULL),
(604, 11, 4),
(605, 11, 5),
(606, 11, NULL),
(607, 11, 7),
(608, 11, NULL),
(609, 11, NULL),
(610, 11, NULL),
(611, 11, 5),
(612, 11, 5),
(613, 11, 5),
(614, 11, NULL),
(615, 11, 4),
(616, 11, 5),
(617, 11, 4),
(618, 11, 4),
(619, 11, NULL),
(620, 11, NULL),
(621, 11, NULL),
(622, 11, 4),
(623, 11, NULL),
(624, 11, 3),
(625, 11, 5),
(626, 11, NULL),
(627, 11, NULL),
(628, 11, 5),
(629, 11, 4),
(630, 11, NULL),
(631, 11, 3),
(632, 11, NULL),
(633, 11, 5),
(634, 11, 2),
(635, 11, NULL),
(636, 11, NULL),
(637, 11, 4),
(638, 11, NULL),
(639, 11, 4),
(640, 11, NULL),
(641, 11, 5),
(642, 11, 5),
(643, 11, 4),
(644, 11, 5),
(645, 11, NULL),
(646, 11, 5),
(647, 11, NULL),
(648, 11, NULL),
(649, 11, NULL),
(650, 11, NULL),
(651, 11, NULL),
(652, 11, NULL),
(653, 11, NULL),
(654, 11, 5),
(655, 11, NULL),
(656, 11, NULL),
(657, 11, 6),
(658, 11, NULL),
(659, 11, 1),
(660, 11, NULL),
(661, 11, NULL),
(662, 11, NULL),
(663, 11, 3),
(664, 11, 1),
(665, 11, NULL),
(666, 11, 1),
(667, 11, NULL),
(668, 11, NULL),
(669, 11, NULL),
(670, 11, NULL),
(671, 11, 16),
(672, 11, NULL),
(673, 11, NULL),
(674, 11, NULL),
(675, 11, 4),
(676, 11, NULL),
(677, 11, 4),
(678, 11, NULL),
(679, 11, 5),
(680, 11, NULL),
(681, 11, 3),
(682, 11, NULL),
(683, 11, NULL),
(684, 11, NULL),
(685, 11, 4),
(686, 11, 5),
(687, 11, NULL),
(688, 11, 4),
(689, 11, 5),
(690, 11, NULL),
(691, 11, NULL),
(692, 11, 4),
(693, 11, NULL),
(694, 11, NULL),
(695, 11, 3),
(696, 11, NULL),
(697, 11, 6),
(698, 11, NULL),
(699, 11, NULL),
(700, 11, 7),
(701, 11, 18),
(702, 11, NULL),
(703, 11, NULL),
(704, 11, 6),
(705, 11, 6),
(706, 11, NULL),
(707, 11, 8),
(708, 11, 6),
(709, 11, NULL),
(710, 11, NULL),
(711, 11, NULL),
(712, 11, NULL),
(713, 11, 4),
(714, 11, NULL),
(715, 11, NULL),
(716, 11, NULL),
(717, 11, 6),
(718, 11, NULL),
(719, 11, NULL),
(720, 11, NULL),
(721, 11, NULL),
(722, 11, NULL),
(723, 11, 18),
(724, 11, NULL),
(725, 11, NULL),
(726, 11, 3),
(727, 11, NULL),
(728, 11, NULL),
(729, 11, 1),
(730, 11, NULL),
(731, 11, 5),
(732, 11, NULL),
(733, 11, NULL),
(734, 11, NULL),
(735, 11, NULL),
(736, 11, 5),
(737, 11, NULL),
(738, 11, 6),
(739, 11, NULL),
(740, 11, NULL),
(741, 11, NULL),
(742, 11, 5),
(743, 11, NULL),
(744, 11, NULL),
(745, 11, NULL),
(746, 11, NULL),
(747, 11, 6),
(748, 11, 3),
(749, 11, NULL),
(750, 11, NULL),
(751, 11, NULL),
(752, 11, NULL),
(753, 11, NULL),
(754, 11, NULL),
(755, 11, NULL),
(756, 11, 5),
(757, 11, NULL),
(758, 11, 4),
(759, 11, 5),
(760, 11, NULL),
(761, 11, 10),
(762, 11, 5),
(763, 11, 5),
(764, 11, NULL),
(765, 11, NULL),
(766, 11, NULL),
(767, 11, 3),
(768, 11, NULL),
(769, 11, NULL),
(770, 11, 5),
(771, 11, 6),
(772, 11, 4),
(773, 11, 16),
(774, 11, NULL),
(775, 11, NULL),
(776, 11, NULL),
(777, 11, NULL),
(778, 11, NULL),
(779, 11, NULL),
(780, 11, 6),
(781, 11, 5),
(782, 11, NULL),
(783, 11, NULL),
(784, 11, NULL),
(785, 11, 5),
(786, 11, NULL),
(787, 11, 6),
(788, 11, 18),
(789, 11, NULL),
(790, 11, NULL),
(791, 11, NULL),
(792, 11, 6),
(793, 11, 11),
(794, 11, NULL),
(795, 11, 6),
(796, 11, 5),
(797, 11, NULL),
(798, 11, NULL),
(799, 11, NULL);

-- --------------------------------------------------------

--
-- Table structure for table `round`
--

CREATE TABLE `round` (
  `id_round` int(10) NOT NULL,
  `name` varchar(100) NOT NULL,
  `isFinished` tinyint(4) NOT NULL DEFAULT 0,
  `orden` int(10) NOT NULL
) ENGINE=InnoDB DEFAULT CHARSET=utf8mb4;

--
-- Dumping data for table `round`
--

INSERT INTO `round` (`id_round`, `name`, `isFinished`, `orden`) VALUES
(1, 'Fecha 1', 0, 1),
(2, 'Fecha 2', 0, 2),
(3, 'Fecha 3', 0, 3),
(4, 'Fecha 4', 0, 4),
(5, 'Fecha 5', 0, 5),
(6, 'Fecha 6', 0, 6),
(7, 'Fecha 7', 0, 7),
(8, 'Fecha 8', 0, 8),
(9, 'Fecha 9', 0, 9),
(10, 'Fecha 10', 0, 10),
(11, 'Fecha 11', 0, 11);

--
-- Indexes for dumped tables
--

--
-- Indexes for table `player`
--
ALTER TABLE `player`
  ADD PRIMARY KEY (`id_player`);

--
-- Indexes for table `player_round`
--
ALTER TABLE `player_round`
  ADD PRIMARY KEY (`fk_id_round`,`fk_id_player`),
  ADD KEY `fk_playerRound_player` (`fk_id_player`);

--
-- Indexes for table `round`
--
ALTER TABLE `round`
  ADD PRIMARY KEY (`id_round`);

--
-- AUTO_INCREMENT for dumped tables
--

--
-- AUTO_INCREMENT for table `player`
--
ALTER TABLE `player`
  MODIFY `id_player` int(10) NOT NULL AUTO_INCREMENT, AUTO_INCREMENT=800;

--
-- AUTO_INCREMENT for table `round`
--
ALTER TABLE `round`
  MODIFY `id_round` int(10) NOT NULL AUTO_INCREMENT, AUTO_INCREMENT=12;

--
-- Constraints for dumped tables
--

--
-- Constraints for table `player_round`
--
ALTER TABLE `player_round`
  ADD CONSTRAINT `fk_playerRound_player` FOREIGN KEY (`fk_id_player`) REFERENCES `player` (`id_player`) ON DELETE CASCADE ON UPDATE CASCADE,
  ADD CONSTRAINT `fk_playerRound_round` FOREIGN KEY (`fk_id_round`) REFERENCES `round` (`id_round`) ON DELETE CASCADE ON UPDATE CASCADE;
COMMIT;

/*!40101 SET CHARACTER_SET_CLIENT=@OLD_CHARACTER_SET_CLIENT */;
/*!40101 SET CHARACTER_SET_RESULTS=@OLD_CHARACTER_SET_RESULTS */;
/*!40101 SET COLLATION_CONNECTION=@OLD_COLLATION_CONNECTION */;
